Rk,Player,Pos,Age,Tm,G,GS,MP,FG,FGA,FG%,3P,3PA,3P%,2P,2PA,2P%,eFG%,FT,FTA,FT%,ORB,DRB,TRB,AST,STL,BLK,TOV,PF,PS/G
1,Alex Abrines\abrinal01,SG,23,OKC,38,0,14.2,1.8,4.6,.385,1.2,3.3,.368,0.6,1.3,.429,.517,0.8,0.9,.853,0.3,0.9,1.2,0.5,0.4,0.1,0.6,1.5,5.5
2,Quincy Acy\acyqu01,PF,26,TOT,13,0,9.8,1.6,3.4,.477,0.7,1.5,.450,0.9,1.8,.500,.580,1.0,1.2,.813,0.7,1.5,2.2,0.2,0.2,0.2,0.4,1.4,4.9
2,Quincy Acy\acyqu01,PF,26,DAL,6,0,8.0,0.8,2.8,.294,0.2,1.2,.143,0.7,1.7,.400,.324,0.3,0.5,.667,0.3,1.0,1.3,0.0,0.0,0.0,0.3,1.5,2.2
2,Quincy Acy\acyqu01,PF,26,BRK,7,0,11.3,2.3,3.9,.593,1.1,1.9,.615,1.1,2.0,.571,.741,1.6,1.9,.846,1.0,1.9,2.9,0.3,0.4,0.4,0.4,1.3,7.3
3,Steven Adams\adamsst01,C,23,OKC,43,43,30.1,4.9,8.3,.591,0.0,0.0,.000,4.9,8.3,.592,.591,2.1,3.0,.711,2.9,4.6,7.5,1.1,1.2,1.1,1.9,2.4,12.0
4,Arron Afflalo\afflaar01,SG,31,SAC,37,22,23.9,2.7,6.3,.423,0.9,2.3,.381,1.8,4.1,.447,.491,1.2,1.4,.920,0.2,1.7,1.9,1.1,0.4,0.1,0.6,1.6,7.5
5,Alexis Ajinca\ajincal01,C,28,NOP,21,10,14.1,1.9,4.1,.465,0.0,0.1,.000,1.9,4.0,.482,.465,0.5,0.7,.714,1.0,3.3,4.3,0.3,0.4,0.7,0.8,1.7,4.3
6,Cole Aldrich\aldrico01,C,28,MIN,39,0,10.6,0.9,1.7,.523,0.0,0.0,,0.9,1.7,.523,.523,0.4,0.5,.667,1.1,2.2,3.3,0.6,0.5,0.5,0.3,1.6,2.1
7,LaMarcus Aldridge\aldrila01,PF,31,SAS,40,40,32.3,7.0,13.9,.504,0.4,0.8,.484,6.6,13.1,.505,.517,3.2,3.8,.824,2.3,4.8,7.1,2.3,0.6,1.1,1.4,2.3,17.5
8,Lavoy Allen\allenla01,PF,27,IND,32,0,11.6,0.6,1.8,.322,0.0,0.0,.000,0.6,1.8,.328,.322,0.1,0.2,.667,1.0,1.3,2.3,0.9,0.3,0.3,0.3,1.0,1.3
9,Tony Allen\allento01,SG,35,MEM,39,37,28.0,4.0,8.5,.473,0.2,0.6,.250,3.9,7.9,.490,.482,1.4,2.2,.647,2.5,3.1,5.6,1.3,1.8,0.4,1.6,2.7,9.6
10,Al-Farouq Aminu\aminual01,SF,26,POR,28,23,28.1,2.6,7.4,.356,0.9,3.3,.261,1.8,4.1,.431,.413,1.3,1.8,.700,1.2,5.9,7.1,2.1,1.0,0.6,1.4,1.8,7.4
11,Chris Andersen\anderch01,C,38,CLE,12,0,9.5,0.8,1.8,.409,0.0,0.3,.000,0.8,1.6,.474,.409,0.8,1.2,.714,0.8,1.8,2.6,0.4,0.4,0.6,0.4,1.7,2.3
12,Alan Anderson\anderal01,SF,34,LAC,17,0,11.4,1.1,3.2,.345,0.5,1.6,.321,0.6,1.6,.370,.427,0.4,0.6,.700,0.2,0.8,0.9,0.5,0.1,0.0,0.3,1.3,3.2
13,Justin Anderson\anderju01,SF,23,DAL,40,2,15.1,2.3,5.8,.398,0.8,2.5,.316,1.5,3.3,.459,.465,1.5,1.8,.795,0.9,2.3,3.2,0.6,0.6,0.4,0.9,1.4,6.8
14,Kyle Anderson\anderky01,SG,23,SAS,39,10,13.1,1.1,2.3,.461,0.2,0.5,.421,0.8,1.8,.471,.506,0.5,0.6,.818,0.4,2.1,2.5,0.9,0.7,0.4,0.4,0.8,2.8
15,Ryan Anderson\anderry01,PF,28,HOU,45,45,30.2,4.6,10.8,.425,2.7,6.7,.403,1.9,4.1,.462,.550,1.8,2.0,.899,1.6,3.4,5.0,0.9,0.5,0.2,0.9,1.9,13.7
16,Giannis Antetokounmpo\antetgi01,SG,22,MIL,43,43,34.9,8.6,16.2,.533,0.7,2.5,.299,7.9,13.7,.576,.556,5.7,7.2,.787,2.0,6.8,8.8,5.4,1.8,2.0,3.0,3.4,23.7
17,Carmelo Anthony\anthoca01,SF,32,NYK,45,45,33.4,8.0,18.4,.435,2.1,5.6,.371,5.9,12.8,.463,.491,4.5,5.4,.838,0.8,5.2,6.0,3.1,0.9,0.4,1.8,2.7,22.6
18,Joel Anthony\anthojo01,C,34,SAS,1,0,5.0,0.0,1.0,.000,0.0,0.0,,0.0,1.0,.000,.000,0.0,0.0,,1.0,3.0,4.0,0.0,0.0,0.0,0.0,0.0,0.0
19,Trevor Ariza\arizatr01,SF,31,HOU,48,48,34.6,4.4,10.3,.428,2.6,7.2,.369,1.8,3.1,.564,.557,0.9,1.3,.698,0.7,4.7,5.4,2.2,1.9,0.3,0.9,1.7,12.4
20,Darrell Arthur\arthuda01,PF,28,DEN,19,5,15.1,2.4,4.9,.484,1.3,2.6,.480,1.1,2.3,.488,.613,0.2,0.2,1.000,0.4,1.7,2.2,1.1,0.3,0.5,1.1,2.1,6.2
21,Omer Asik\asikom01,C,30,NOP,29,19,16.3,1.1,2.2,.477,0.0,0.0,,1.1,2.2,.477,.477,0.8,1.3,.590,1.7,3.9,5.6,0.5,0.2,0.3,0.4,1.6,2.9
22,D.J. Augustin\augusdj01,PG,29,ORL,46,20,20.3,2.8,7.2,.394,1.4,4.0,.363,1.4,3.2,.432,.494,1.5,1.8,.864,0.1,1.3,1.4,3.2,0.4,0.0,1.1,1.4,8.6
23,Luke Babbitt\babbilu01,SF,27,MIA,36,23,16.1,1.6,4.4,.371,1.1,2.9,.365,0.6,1.5,.382,.491,0.3,0.4,.692,0.2,2.0,2.2,0.4,0.3,0.2,0.3,1.5,4.6
24,Ron Baker\bakerro01,SG,23,NYK,20,3,11.7,1.3,3.4,.388,0.5,1.6,.323,0.8,1.8,.444,.463,0.5,0.6,.750,0.3,1.5,1.8,1.1,0.6,0.2,0.8,1.0,3.6
25,Wade Baldwin\baldwwa01,PG,20,MEM,23,1,13.2,1.1,3.6,.313,0.1,0.8,.111,1.0,2.8,.369,.325,1.2,1.4,.844,0.3,1.1,1.4,2.1,0.6,0.3,1.3,1.2,3.5
26,Leandro Barbosa\barbole01,SG,34,PHO,41,0,12.9,2.4,5.2,.462,0.5,1.2,.440,1.9,4.0,.469,.514,0.3,0.3,.857,0.2,1.2,1.4,1.2,0.5,0.1,0.5,1.0,5.6
27,J.J. Barea\bareajo01,PG,32,DAL,18,5,24.7,4.5,10.7,.422,1.4,4.1,.351,3.1,6.6,.466,.490,1.7,1.8,.939,0.3,2.6,2.9,4.9,0.5,0.1,1.7,0.7,12.2
28,Harrison Barnes\barneha02,PF,24,DAL,44,44,35.8,8.1,17.2,.472,1.0,3.0,.343,7.1,14.2,.500,.503,2.8,3.3,.849,1.3,4.0,5.3,1.5,0.8,0.3,1.3,1.6,20.1
29,Matt Barnes\barnema02,SF,36,SAC,41,12,24.6,2.6,6.9,.377,1.2,3.7,.320,1.4,3.1,.445,.464,0.9,1.2,.706,1.0,3.8,4.7,2.7,0.6,0.3,1.5,2.5,7.2
30,Will Barton\bartowi01,SG,26,DEN,31,17,28.8,4.8,10.7,.453,1.4,3.4,.415,3.4,7.3,.471,.520,2.5,3.4,.760,0.9,3.4,4.4,3.0,0.8,0.4,1.5,1.9,13.6
31,Brandon Bass\bassbr01,PF,31,LAC,30,0,12.2,2.2,3.7,.589,0.0,0.1,.500,2.2,3.7,.591,.594,1.2,1.3,.900,0.8,1.7,2.5,0.6,0.2,0.2,0.7,1.0,5.6
32,Nicolas Batum\batumni01,SG,28,CHO,42,42,34.5,4.9,12.5,.394,1.6,4.9,.322,3.3,7.6,.440,.457,3.4,4.0,.844,0.7,6.6,7.3,5.9,1.1,0.4,2.5,1.6,14.7
33,Jerryd Bayless\bayleje01,PG,28,PHI,3,1,23.7,3.7,10.7,.344,0.7,1.7,.400,3.0,9.0,.333,.375,3.0,3.3,.900,1.0,3.0,4.0,4.3,0.0,0.0,3.0,1.3,11.0
34,Aron Baynes\baynear01,C,30,DET,44,2,15.2,1.6,3.3,.490,0.0,0.0,,1.6,3.3,.490,.490,1.2,1.3,.879,1.0,2.7,3.7,0.3,0.3,0.4,0.8,2.3,4.4
35,Kent Bazemore\bazemke01,SF,27,ATL,43,40,27.0,3.9,10.2,.384,1.2,3.7,.313,2.7,6.5,.424,.441,1.7,2.3,.710,0.6,2.5,3.1,2.6,1.3,0.6,1.7,2.3,10.6
36,Bradley Beal\bealbr01,SG,23,WAS,40,40,34.4,7.5,16.6,.449,2.8,7.1,.386,4.7,9.5,.497,.532,4.0,4.9,.811,0.7,2.2,2.9,3.6,1.0,0.3,1.9,2.2,21.6
37,Malik Beasley\beaslma01,SG,20,DEN,12,0,5.1,1.0,2.8,.364,0.3,1.2,.286,0.7,1.6,.421,.424,0.3,0.5,.667,0.1,0.4,0.5,0.3,0.3,0.0,0.0,0.4,2.7
38,Michael Beasley\beaslmi01,SF,28,MIL,37,0,16.5,3.5,6.9,.514,0.3,0.7,.480,3.2,6.2,.517,.537,1.4,1.8,.761,0.7,2.8,3.6,1.1,0.5,0.4,1.2,1.7,8.8
39,Marco Belinelli\belinma01,SG,30,CHO,40,0,24.6,3.7,8.5,.434,1.6,3.9,.404,2.1,4.6,.459,.527,1.8,2.0,.864,0.2,2.4,2.6,1.9,0.7,0.2,0.9,1.3,10.7
40,DeAndre' Bembry\bembrde01,SF,22,ATL,17,0,7.5,1.1,2.2,.486,0.0,0.4,.000,1.1,1.8,.581,.486,0.4,0.8,.462,0.3,0.9,1.2,0.4,0.1,0.0,0.4,0.4,2.5
41,Dragan Bender\bendedr01,PF,19,PHO,37,0,12.6,1.2,3.2,.373,0.7,2.1,.321,0.5,1.1,.475,.479,0.1,0.2,.375,0.4,1.7,2.1,0.4,0.2,0.5,0.7,1.6,3.1
42,Anthony Bennett\bennean01,PF,23,BRK,23,1,11.5,1.7,4.0,.413,0.6,2.1,.271,1.1,1.9,.568,.484,1.1,1.6,.722,1.1,2.3,3.4,0.5,0.2,0.1,0.5,0.8,5.0
43,Davis Bertans\bertada01,PF,24,SAS,36,1,10.0,1.1,2.4,.455,0.8,1.9,.400,0.3,0.5,.667,.614,0.5,0.6,.818,0.2,0.9,1.1,0.7,0.2,0.4,0.4,1.1,3.5
44,Patrick Beverley\beverpa01,SG,28,HOU,34,34,30.9,3.6,8.1,.449,1.7,4.2,.406,1.9,3.9,.496,.554,0.6,0.8,.778,1.5,4.5,6.0,4.3,1.6,0.4,1.4,3.2,9.6
45,Bismack Biyombo\biyombi01,C,24,ORL,45,23,24.7,2.4,4.5,.525,0.0,0.0,,2.4,4.5,.525,.525,1.6,3.3,.490,2.2,5.6,7.8,1.0,0.4,1.4,1.3,2.4,6.4
46,Nemanja Bjelica\bjeline01,PF,28,MIN,42,1,17.1,2.2,5.2,.416,0.9,2.9,.303,1.3,2.3,.557,.500,0.8,1.0,.814,0.6,2.6,3.2,1.1,0.6,0.2,0.9,2.2,6.0
47,Tarik Black\blackta01,C,25,LAL,36,0,15.6,2.2,4.3,.513,0.0,0.0,.000,2.2,4.3,.516,.513,1.5,2.0,.761,2.2,3.0,5.2,0.6,0.3,0.5,0.7,2.6,5.9
48,Eric Bledsoe\bledser01,PG,27,PHO,44,44,33.2,7.1,15.7,.450,1.5,4.6,.320,5.6,11.1,.504,.497,5.3,6.2,.846,0.9,4.2,5.1,6.2,1.5,0.5,3.1,2.6,20.9
49,Bojan Bogdanovic\bogdabo02,SF,27,BRK,44,43,26.5,4.8,10.9,.439,1.9,5.0,.378,2.9,5.8,.492,.527,2.6,3.0,.869,0.4,2.9,3.3,1.6,0.4,0.1,1.5,1.8,14.0
50,Andrew Bogut\bogutan01,C,32,DAL,22,20,23.5,1.5,3.2,.451,0.0,0.0,.000,1.5,3.2,.457,.451,0.1,0.5,.273,2.3,6.8,9.1,2.0,0.5,1.0,1.7,3.3,3.0
51,Joel Bolomboy\bolomjo01,PF,23,UTA,9,0,2.2,0.3,0.6,.600,0.0,0.1,.000,0.3,0.4,.750,.600,0.2,0.4,.500,0.1,1.0,1.1,0.1,0.1,0.1,0.1,0.1,0.9
52,Devin Booker\bookede01,SG,20,PHO,43,43,34.3,7.4,17.5,.423,1.9,5.1,.367,5.5,12.4,.447,.477,3.9,4.6,.834,0.6,2.3,2.8,3.1,1.0,0.2,2.8,3.2,20.5
53,Trevor Booker\booketr01,PF,29,BRK,40,40,27.0,4.2,8.2,.518,0.4,1.2,.298,3.9,7.0,.556,.540,1.1,1.7,.672,2.1,6.7,8.8,2.3,1.4,0.5,1.8,2.2,9.9
54,Avery Bradley\bradlav01,SG,26,BOS,36,36,34.9,7.1,15.0,.475,2.1,5.2,.409,5.0,9.8,.510,.545,1.3,1.8,.762,1.1,5.8,6.9,2.4,1.3,0.2,1.8,2.7,17.7
55,Corey Brewer\breweco01,SF,30,HOU,48,8,15.6,1.6,4.0,.400,0.4,1.7,.232,1.2,2.3,.528,.450,0.5,0.8,.722,0.4,1.6,2.0,1.0,0.6,0.2,0.6,1.8,4.1
56,Malcolm Brogdon\brogdma01,SG,24,MIL,44,12,25.2,3.5,8.0,.437,1.0,2.4,.425,2.5,5.5,.443,.501,1.3,1.4,.873,0.6,2.2,2.8,4.1,1.1,0.1,1.5,1.9,9.2
57,Aaron Brooks\brookaa01,PG,32,IND,40,0,14.7,2.2,5.1,.424,0.8,2.2,.352,1.4,2.9,.478,.500,0.6,0.7,.786,0.3,0.8,1.1,2.4,0.6,0.2,1.2,1.5,5.6
58,Anthony Brown\brownan02,SF,24,TOT,10,0,14.7,1.5,4.3,.349,0.6,2.4,.250,0.9,1.9,.474,.419,0.0,0.0,,0.8,2.1,2.9,0.6,0.5,0.1,0.5,1.4,3.6
58,Anthony Brown\brownan02,SF,24,NOP,9,0,15.9,1.6,4.6,.341,0.7,2.7,.250,0.9,1.9,.471,.415,0.0,0.0,,0.7,2.2,2.9,0.7,0.6,0.1,0.6,1.4,3.8
58,Anthony Brown\brownan02,SF,24,ORL,1,0,4.0,1.0,2.0,.500,0.0,0.0,,1.0,2.0,.500,.500,0.0,0.0,,2.0,1.0,3.0,0.0,0.0,0.0,0.0,1.0,2.0
59,Bobby Brown\brownbo02,PG,32,HOU,13,0,3.0,0.4,1.7,.227,0.2,0.8,.200,0.2,0.9,.250,.273,0.0,0.0,,0.0,0.4,0.4,0.1,0.0,0.0,0.1,0.2,0.9
60,Jaylen Brown\brownja02,SF,20,BOS,42,3,13.2,1.9,4.3,.436,0.3,1.0,.302,1.6,3.3,.478,.472,0.8,1.2,.694,0.5,1.5,2.0,0.6,0.4,0.3,0.6,1.4,4.9
61,Nicolas Brussino\brussni01,SF,23,DAL,29,0,6.8,0.6,1.5,.364,0.3,1.1,.290,0.2,0.4,.538,.466,0.2,0.2,.857,0.3,0.8,1.1,0.7,0.3,0.1,0.3,0.5,1.6
62,Reggie Bullock\bullore01,SF,25,DET,9,3,19.9,2.7,5.9,.453,0.9,3.0,.296,1.8,2.9,.615,.528,0.2,0.4,.500,0.7,1.9,2.6,1.2,0.4,0.3,0.7,1.3,6.4
63,Trey Burke\burketr01,PG,24,WAS,40,0,12.2,2.0,4.3,.462,0.5,1.1,.465,1.5,3.2,.461,.520,0.4,0.5,.700,0.2,0.6,0.7,1.6,0.2,0.1,0.8,1.0,4.8
64,Alec Burks\burksal01,SG,25,UTA,10,0,10.1,1.7,3.6,.472,0.3,1.2,.250,1.4,2.4,.583,.514,1.4,2.2,.636,0.3,1.2,1.5,0.5,0.2,0.1,0.3,1.2,5.1
65,Jimmy Butler\butleji01,SF,27,CHI,43,43,36.7,7.5,16.6,.454,1.2,3.5,.353,6.3,13.1,.481,.492,8.3,9.6,.871,1.7,5.0,6.6,4.8,1.7,0.3,2.2,1.7,24.7
66,Bruno Caboclo\cabocbr01,SF,21,TOR,8,0,2.9,0.1,0.6,.200,0.1,0.4,.333,0.0,0.3,.000,.300,0.0,0.0,,0.4,0.4,0.8,0.4,0.3,0.0,0.3,0.4,0.4
67,Jose Calderon\caldejo01,PG,35,LAL,21,9,12.3,1.5,3.4,.451,0.6,1.6,.364,1.0,1.8,.526,.535,0.2,0.2,1.000,0.4,1.4,1.8,2.2,0.3,0.0,1.1,0.9,3.8
68,Kentavious Caldwell-Pope\caldwke01,SG,23,DET,41,41,33.6,5.2,12.2,.422,2.2,5.5,.394,3.0,6.7,.446,.511,2.0,2.4,.837,0.8,2.6,3.4,3.0,1.3,0.2,1.2,1.6,14.5
69,Isaiah Canaan\canaais01,SG,25,CHI,28,0,18.5,2.0,5.4,.375,0.8,3.0,.265,1.3,2.5,.507,.447,0.9,1.0,.889,0.2,1.4,1.6,1.1,0.7,0.0,0.7,1.2,5.7
70,Clint Capela\capelca01,C,22,HOU,33,30,23.2,5.2,8.3,.628,0.0,0.0,,5.2,8.3,.628,.628,1.1,2.2,.473,2.4,5.2,7.6,0.9,0.4,1.5,1.2,2.6,11.5
71,DeMarre Carroll\carrode01,SF,30,TOR,39,39,26.5,3.4,8.2,.417,1.8,4.8,.367,1.7,3.4,.489,.525,1.3,1.7,.788,0.8,2.7,3.6,0.8,1.2,0.4,0.6,2.1,10.0
72,Vince Carter\cartevi01,SG,40,MEM,39,0,23.8,2.7,7.0,.392,1.5,4.3,.351,1.2,2.7,.457,.500,1.2,1.7,.708,0.5,2.8,3.3,1.7,0.8,0.4,0.6,2.2,8.2
73,Michael Carter-Williams\cartemi01,PG,25,CHI,18,12,21.8,2.7,7.8,.350,0.4,1.8,.219,2.3,6.0,.389,.375,1.6,1.9,.800,0.8,3.8,4.6,2.4,0.9,0.4,1.8,2.6,7.4
74,Omri Casspi\casspom01,SF,28,SAC,22,2,18.0,2.4,5.3,.453,0.5,1.3,.379,1.9,4.0,.477,.500,0.5,1.0,.571,0.9,3.2,4.1,1.2,0.5,0.0,0.8,1.0,5.9
75,Willie Cauley-Stein\caulewi01,C,23,SAC,37,0,11.2,1.9,3.5,.563,0.0,0.0,.000,1.9,3.4,.567,.563,0.5,1.1,.513,0.9,1.3,2.2,0.3,0.4,0.4,0.5,1.8,4.4
76,Tyson Chandler\chandty01,C,34,PHO,35,34,28.3,3.4,5.1,.663,0.0,0.0,,3.4,5.1,.663,.663,1.7,2.5,.693,3.6,8.6,12.2,0.6,0.6,0.4,1.5,2.7,8.5
77,Wilson Chandler\chandwi01,SF,29,DEN,39,13,30.6,6.4,13.9,.458,1.5,4.5,.343,4.8,9.4,.512,.513,1.9,2.6,.728,1.5,5.4,6.9,1.9,0.7,0.4,1.6,2.3,16.2
78,Marquese Chriss\chrisma01,PF,19,PHO,44,37,18.1,2.8,6.5,.425,0.7,2.3,.310,2.1,4.3,.487,.479,1.0,1.6,.634,1.1,2.3,3.4,0.6,0.6,0.5,1.2,2.9,7.3
79,Rakeem Christmas\chrisra01,PF,25,IND,3,0,4.7,0.3,1.3,.250,0.0,0.0,,0.3,1.3,.250,.250,0.3,0.3,1.000,0.3,0.7,1.0,0.3,0.0,0.3,0.0,0.3,1.0
80,Semaj Christon\chrisse01,PG,24,OKC,36,0,15.4,1.4,4.0,.345,0.2,1.1,.179,1.2,2.9,.406,.369,0.3,0.5,.474,0.3,1.1,1.4,2.5,0.4,0.1,0.7,1.3,3.2
81,Ian Clark\clarkia01,SG,25,GSW,42,0,14.0,2.5,5.2,.489,0.9,2.2,.407,1.7,3.0,.547,.573,0.7,0.9,.737,0.3,1.1,1.4,1.1,0.5,0.1,0.6,1.0,6.6
82,Jordan Clarkson\clarkjo01,SG,24,LAL,48,3,27.4,5.5,12.3,.451,1.3,3.8,.342,4.2,8.5,.500,.504,1.5,1.9,.783,0.7,2.1,2.8,2.1,1.3,0.1,1.9,1.8,13.9
83,Darren Collison\collida01,PG,29,SAC,36,32,29.2,4.6,9.8,.467,1.1,2.7,.396,3.5,7.1,.494,.521,2.1,2.5,.846,0.4,1.6,2.1,4.2,0.9,0.1,1.5,1.7,12.4
84,Nick Collison\collini01,PF,36,OKC,11,0,5.9,0.5,0.9,.600,0.0,0.0,,0.5,0.9,.600,.600,0.2,0.3,.667,0.3,0.7,1.0,0.6,0.1,0.1,0.2,0.6,1.3
85,Mike Conley\conlemi01,PG,29,MEM,34,33,32.4,6.2,14.2,.438,2.3,5.7,.404,3.9,8.5,.460,.519,4.1,4.8,.860,0.6,3.3,3.8,6.2,1.3,0.4,2.3,1.9,18.9
86,Pat Connaughton\connapa01,SG,24,POR,20,0,5.9,0.6,1.0,.550,0.2,0.4,.429,0.4,0.7,.615,.625,0.2,0.3,.667,0.2,0.7,0.9,0.5,0.1,0.1,0.1,0.4,1.5
87,DeMarcus Cousins\couside01,C,26,SAC,43,43,34.5,9.3,20.6,.452,1.8,4.7,.374,7.6,15.9,.475,.495,7.5,9.7,.775,2.0,8.2,10.2,4.3,1.4,1.4,3.4,3.7,28.0
88,Robert Covington\covinro01,SF,26,PHI,39,39,30.2,3.6,9.8,.372,1.8,5.9,.309,1.8,3.9,.467,.465,1.6,2.0,.795,1.3,4.5,5.8,1.5,1.6,0.8,1.9,2.9,10.7
89,Allen Crabbe\crabbal01,SG,24,POR,46,7,28.8,3.7,8.1,.454,1.5,3.6,.427,2.2,4.5,.476,.548,1.5,1.8,.852,0.3,2.6,2.9,1.3,0.6,0.2,0.8,2.0,10.4
90,Jamal Crawford\crawfja01,SG,36,LAC,46,1,26.3,4.3,11.1,.386,1.1,3.7,.302,3.2,7.4,.428,.436,1.9,2.2,.870,0.2,1.5,1.7,2.9,0.6,0.2,1.7,1.4,11.6
91,Jae Crowder\crowdja01,SF,26,BOS,35,35,32.2,4.6,9.6,.484,2.3,5.4,.426,2.3,4.2,.558,.603,1.8,2.0,.887,0.5,4.5,5.0,2.1,1.0,0.3,1.0,2.3,13.3
92,Dante Cunningham\cunnida01,SF,29,NOP,32,22,25.4,2.5,5.9,.416,1.2,3.1,.380,1.3,2.8,.456,.516,0.2,0.3,.545,0.8,3.5,4.3,0.6,0.6,0.5,0.5,1.8,6.3
93,Seth Curry\curryse01,PG,26,DAL,40,12,26.7,4.0,8.6,.468,1.7,4.0,.422,2.3,4.6,.508,.567,0.9,1.1,.756,0.4,1.8,2.2,2.5,1.2,0.1,1.2,1.8,10.6
94,Stephen Curry\curryst01,PG,28,GSW,45,45,33.5,8.1,17.5,.464,3.8,9.6,.401,4.3,8.0,.539,.574,4.4,4.8,.917,0.6,3.7,4.3,6.1,1.7,0.2,3.0,2.2,24.6
95,Troy Daniels\danietr01,SG,25,MEM,33,3,19.1,3.2,8.2,.386,2.2,5.6,.392,1.0,2.6,.372,.520,1.0,1.2,.842,0.3,1.2,1.4,0.8,0.4,0.1,0.6,1.6,9.5
96,Anthony Davis\davisan02,C,23,NOP,41,41,36.3,10.4,20.8,.502,0.5,1.7,.296,9.9,19.0,.521,.514,7.3,9.1,.795,2.4,9.7,12.0,2.3,1.3,2.4,2.5,2.3,28.6
97,Deyonta Davis\davisde01,C,20,MEM,23,0,7.4,0.9,1.5,.571,0.0,0.0,,0.9,1.5,.571,.571,0.3,0.5,.545,0.7,1.3,2.0,0.1,0.0,0.5,0.3,1.3,2.0
98,Ed Davis\davised01,PF,27,POR,41,11,17.0,1.5,2.9,.513,0.0,0.0,,1.5,2.9,.513,.513,1.1,1.6,.677,2.0,3.2,5.2,0.6,0.3,0.5,0.8,3.0,4.0
99,Dewayne Dedmon\dedmode01,C,27,SAS,38,3,15.9,2.0,3.4,.594,0.0,0.0,,2.0,3.4,.594,.594,0.9,1.2,.702,1.5,4.3,5.8,0.5,0.6,0.9,0.6,2.4,4.9
100,Sam Dekker\dekkesa01,SF,22,HOU,48,1,19.4,2.9,6.2,.471,0.9,2.7,.331,2.0,3.5,.581,.544,0.6,1.0,.571,1.5,2.5,4.1,1.1,0.6,0.3,0.6,1.1,7.3
101,Malcolm Delaney\delanma01,PG,27,ATL,45,0,17.4,2.3,5.6,.413,0.4,1.5,.279,1.9,4.1,.462,.450,1.0,1.3,.810,0.1,1.6,1.8,2.9,0.6,0.0,1.5,1.5,6.1
102,Matthew Dellavedova\dellama01,PG,26,MIL,39,32,26.7,2.8,7.2,.387,1.0,2.9,.339,1.8,4.3,.419,.455,1.1,1.3,.827,0.4,1.9,2.3,5.3,0.8,0.0,1.8,2.0,7.6
103,Luol Deng\denglu01,SF,31,LAL,44,44,27.4,3.2,8.0,.396,1.0,3.0,.331,2.2,5.0,.436,.459,0.8,1.2,.685,1.3,4.4,5.7,1.5,1.0,0.3,0.8,1.1,8.2
104,DeMar DeRozan\derozde01,SG,27,TOR,44,44,35.4,10.0,21.3,.473,0.4,1.4,.258,9.7,19.8,.488,.481,7.5,8.8,.850,1.0,4.3,5.3,3.8,1.2,0.2,2.4,1.9,27.9
105,Cheick Diallo\diallch01,PF,20,NOP,9,0,10.4,1.9,4.3,.436,0.0,0.0,,1.9,4.3,.436,.436,0.8,1.1,.700,1.3,2.2,3.6,0.3,0.3,0.3,0.2,1.0,4.6
106,Boris Diaw\diawbo01,PF,34,UTA,37,19,18.6,2.1,4.5,.467,0.4,1.2,.302,1.8,3.4,.524,.506,0.4,0.4,.813,0.6,1.5,2.1,2.3,0.2,0.1,1.4,1.3,4.9
107,Gorgui Dieng\dienggo01,PF,27,MIN,44,44,32.1,4.5,8.5,.529,0.1,0.4,.316,4.4,8.1,.541,.537,1.6,2.0,.767,2.3,5.1,7.4,2.0,1.0,1.2,1.5,3.3,10.7
108,Spencer Dinwiddie\dinwisp01,PG,23,BRK,21,7,19.9,1.9,4.4,.435,0.3,1.0,.333,1.6,3.4,.465,.473,1.4,1.8,.789,0.4,2.1,2.5,2.6,0.5,0.5,1.4,2.2,5.6
109,Toney Douglas\douglto01,PG,30,MEM,6,0,17.8,2.3,6.0,.389,0.5,1.8,.273,1.8,4.2,.440,.431,0.7,0.8,.800,0.3,2.3,2.7,2.7,1.0,0.2,0.8,1.5,5.8
110,Goran Dragic\dragigo01,PG,30,MIA,37,37,34.4,7.0,15.1,.466,1.6,3.9,.410,5.4,11.2,.486,.519,3.9,4.9,.787,0.7,3.1,3.9,6.3,0.9,0.2,3.2,2.8,19.5
111,Andre Drummond\drumman01,C,23,DET,45,45,30.5,6.1,11.6,.531,0.0,0.1,.500,6.1,11.5,.531,.533,1.9,4.5,.431,3.9,9.6,13.5,1.1,1.6,1.2,2.1,3.0,14.2
112,Jared Dudley\dudleja01,PF,31,PHO,30,7,22.7,2.9,5.8,.491,1.5,3.3,.440,1.4,2.5,.560,.617,0.8,1.2,.622,0.5,3.0,3.5,1.7,0.7,0.2,1.3,2.6,8.0
113,Mike Dunleavy\dunlemi02,SF,36,TOT,30,2,16.4,1.7,4.1,.411,1.0,2.5,.392,0.7,1.7,.440,.528,0.6,0.8,.750,0.3,1.9,2.2,0.9,0.3,0.1,0.6,1.4,5.0
113,Mike Dunleavy\dunlemi02,SF,36,CLE,23,2,15.9,1.6,3.9,.400,0.9,2.5,.351,0.7,1.4,.485,.511,0.6,0.8,.737,0.2,1.8,2.0,0.9,0.3,0.1,0.6,1.4,4.6
113,Mike Dunleavy\dunlemi02,SF,36,ATL,7,0,18.0,2.1,4.9,.441,1.3,2.4,.529,0.9,2.4,.353,.574,0.6,0.7,.800,0.4,2.1,2.6,1.1,0.4,0.1,0.4,1.6,6.1
114,Kris Dunn\dunnkr01,PG,22,MIN,44,6,17.0,1.5,4.0,.376,0.3,0.9,.308,1.3,3.2,.396,.410,0.7,1.1,.604,0.4,1.9,2.3,2.5,1.0,0.4,1.3,2.3,4.0
115,Kevin Durant\duranke01,SF,28,GSW,45,45,34.3,9.2,17.0,.543,2.0,5.1,.390,7.3,12.0,.608,.601,5.6,6.5,.863,0.6,7.9,8.5,4.7,1.2,1.7,2.2,2.0,26.1
116,Henry Ellenson\ellenhe01,PF,20,DET,14,0,4.0,0.6,1.6,.348,0.3,1.0,.286,0.3,0.6,.444,.435,0.1,0.1,1.000,0.1,0.7,0.9,0.3,0.0,0.0,0.4,0.2,1.5
117,Wayne Ellington\ellinwa01,SG,29,MIA,25,10,26.9,3.9,9.7,.405,2.1,6.4,.325,1.8,3.3,.561,.512,0.8,1.0,.875,0.2,1.7,1.9,1.4,0.8,0.1,0.4,1.2,10.8
118,Monta Ellis\ellismo01,SG,31,IND,36,23,28.3,3.2,7.3,.437,0.5,1.7,.295,2.7,5.6,.480,.471,1.7,2.1,.838,0.2,2.7,2.9,3.3,1.1,0.4,2.0,2.0,8.6
119,Joel Embiid\embiijo01,C,22,PHI,30,30,25.3,6.3,13.6,.462,1.1,3.1,.348,5.2,10.6,.495,.501,6.2,7.9,.777,2.0,5.8,7.8,2.1,0.8,2.5,3.7,3.6,19.8
120,James Ennis\ennisja01,SF,26,MEM,32,17,25.8,2.7,5.9,.450,0.9,2.4,.377,1.8,3.5,.500,.526,1.7,2.1,.779,1.4,3.0,4.4,1.1,0.8,0.3,1.0,3.0,7.9
121,Tyler Ennis\ennisty01,PG,22,HOU,27,0,6.6,0.9,2.2,.383,0.2,0.5,.357,0.7,1.7,.391,.425,0.1,0.1,.667,0.1,0.4,0.6,1.1,0.2,0.0,0.8,1.0,2.0
122,Tyreke Evans\evansty01,SG,27,NOP,17,0,17.2,3.6,8.9,.401,1.0,3.1,.327,2.6,5.9,.440,.457,1.9,2.1,.914,0.3,2.9,3.2,3.7,0.9,0.2,1.4,1.5,10.1
123,Dante Exum\exumda01,PG,21,UTA,33,16,19.5,2.2,5.5,.407,0.7,2.5,.272,1.6,3.1,.515,.467,0.8,0.9,.839,0.5,1.5,1.9,1.7,0.3,0.2,1.0,2.4,5.9
124,Kenneth Faried\farieke01,PF,27,DEN,39,19,22.0,3.6,6.5,.561,0.0,0.1,.000,3.6,6.4,.573,.561,2.2,3.1,.697,3.0,4.7,7.8,0.9,0.7,0.8,1.1,2.1,9.5
125,Jordan Farmar\farmajo01,PG,30,SAC,2,0,17.5,2.0,6.0,.333,2.0,4.5,.444,0.0,1.5,.000,.500,0.0,0.0,,0.5,1.0,1.5,4.5,1.0,0.0,1.5,0.5,6.0
126,Derrick Favors\favorde01,PF,25,UTA,31,24,23.3,3.7,8.2,.447,0.1,0.2,.333,3.6,8.0,.450,.451,1.6,2.6,.617,1.5,4.5,6.0,1.0,0.8,0.9,1.4,2.2,9.0
127,Kay Felder\feldeka01,PG,21,CLE,24,0,10.1,1.8,4.4,.396,0.2,0.6,.267,1.6,3.8,.418,.415,1.2,1.5,.757,0.1,1.1,1.2,1.6,0.3,0.1,0.5,1.0,4.8
128,Cristiano Felicio\feliccr01,C,24,CHI,37,0,14.6,1.7,3.2,.542,0.0,0.0,,1.7,3.2,.542,.542,0.9,1.4,.686,2.3,2.5,4.8,0.6,0.4,0.2,0.5,1.7,4.4
129,Raymond Felton\feltora01,PG,32,LAC,44,8,22.0,3.2,7.1,.444,0.7,2.0,.360,2.4,5.1,.478,.495,0.5,0.7,.774,0.4,2.2,2.6,2.5,0.8,0.4,1.1,1.8,7.6
130,Yogi Ferrell\ferreyo01,PG,23,BRK,10,0,15.1,1.8,4.9,.367,0.8,2.7,.296,1.0,2.2,.455,.449,1.0,1.6,.625,0.4,0.8,1.2,1.7,0.2,0.2,1.4,1.1,5.4
131,Dorian Finney-Smith\finnedo01,PF,23,DAL,43,27,21.2,1.7,4.0,.408,0.8,2.5,.327,0.8,1.6,.537,.509,0.6,0.7,.806,0.7,2.0,2.7,0.9,0.6,0.3,0.6,1.7,4.7
132,Bryn Forbes\forbebr01,SG,23,SAS,16,0,4.7,0.4,1.3,.286,0.1,0.6,.100,0.3,0.7,.455,.310,0.1,0.1,1.000,0.1,0.4,0.4,0.1,0.1,0.0,0.0,0.5,0.9
133,Evan Fournier\fournev01,SG,24,ORL,36,35,33.0,6.1,13.7,.443,1.7,4.8,.358,4.3,8.9,.489,.506,3.2,3.8,.826,0.6,2.5,3.1,3.3,1.0,0.1,2.1,2.7,17.0
134,Randy Foye\foyera01,SG,33,BRK,31,2,17.7,1.7,4.8,.356,1.1,3.1,.347,0.6,1.7,.370,.466,0.7,0.9,.786,0.1,2.1,2.2,2.1,0.4,0.2,1.3,1.4,5.2
135,Tim Frazier\fraziti01,PG,26,NOP,36,23,26.4,3.3,7.8,.430,0.8,2.2,.363,2.5,5.5,.457,.482,1.8,2.3,.805,0.5,2.6,3.1,6.3,1.0,0.2,2.1,2.4,9.3
136,Channing Frye\fryech01,C,33,CLE,36,2,18.6,3.1,7.2,.436,2.0,4.5,.436,1.2,2.7,.438,.573,0.9,1.1,.868,0.6,2.7,3.3,0.6,0.5,0.4,0.6,2.0,9.2
137,Danilo Gallinari\gallida01,SF,28,DEN,39,39,34.2,4.9,11.5,.432,1.9,4.9,.387,3.1,6.6,.465,.515,5.1,5.7,.888,0.5,4.4,4.9,2.3,0.7,0.2,1.4,1.6,16.9
138,Langston Galloway\gallola01,PG,25,NOP,44,0,21.7,3.4,8.8,.381,2.0,5.2,.382,1.4,3.6,.381,.494,0.8,1.0,.778,0.5,2.0,2.4,1.3,0.9,0.1,0.6,1.5,9.5
139,Marc Gasol\gasolma01,C,32,MEM,44,44,34.2,7.4,16.0,.460,1.3,3.5,.388,6.0,12.6,.480,.502,4.0,4.8,.822,0.8,5.2,6.0,4.2,1.1,1.4,2.1,2.3,20.1
140,Pau Gasol\gasolpa01,C,36,SAS,39,39,26.4,4.8,9.4,.510,0.5,1.1,.465,4.3,8.3,.516,.537,1.7,2.6,.644,1.5,6.4,7.9,2.7,0.4,1.2,1.3,1.7,11.7
141,Rudy Gay\gayru01,SF,30,SAC,30,30,33.8,6.7,14.7,.455,1.4,3.8,.372,5.3,11.0,.483,.502,3.9,4.6,.855,1.2,5.2,6.3,2.7,1.5,0.9,2.5,2.6,18.7
142,Michael Gbinije\gbinimi01,SG,24,DET,8,0,3.6,0.1,1.3,.100,0.0,0.5,.000,0.1,0.8,.167,.100,0.3,0.3,1.000,0.3,0.1,0.4,0.3,0.0,0.0,0.0,0.3,0.5
143,Alonzo Gee\geeal01,SF,29,DEN,13,0,6.8,0.2,1.1,.214,0.0,0.2,.000,0.2,0.8,.273,.214,0.4,0.7,.556,0.3,0.8,1.1,0.5,0.4,0.1,0.3,1.1,0.8
144,Paul George\georgpa01,SF,26,IND,37,37,35.4,7.7,17.1,.450,2.4,6.1,.388,5.4,11.1,.484,.519,4.4,4.8,.926,0.8,5.2,6.0,3.2,1.7,0.3,2.8,2.6,22.2
145,Jonathan Gibson\gibsojo01,PG,29,DAL,17,0,13.6,2.1,5.6,.368,0.9,2.6,.333,1.2,2.9,.400,.447,1.2,1.7,.724,0.1,1.2,1.3,1.5,0.5,0.0,1.2,1.2,6.2
146,Taj Gibson\gibsota01,PF,31,CHI,44,44,27.5,5.1,9.9,.518,0.0,0.1,.167,5.1,9.8,.523,.519,1.5,2.1,.714,2.3,4.8,7.1,1.1,0.6,1.0,1.5,2.3,11.8
147,Manu Ginobili\ginobma01,SG,39,SAS,37,0,19.1,2.5,6.7,.381,1.4,3.5,.398,1.2,3.2,.361,.484,1.6,1.8,.892,0.4,2.2,2.5,2.5,1.2,0.3,1.4,1.7,8.0
148,Rudy Gobert\goberru01,C,24,UTA,46,46,33.6,4.5,6.8,.668,0.0,0.0,.000,4.5,6.8,.670,.668,3.8,5.9,.644,3.8,8.9,12.6,0.9,0.7,2.5,1.8,2.9,12.9
149,Archie Goodwin\goodwar01,SG,22,NOP,3,0,10.0,0.7,1.7,.400,0.3,0.7,.500,0.3,1.0,.333,.500,3.3,3.3,1.000,0.0,0.0,0.0,0.3,0.0,0.3,0.0,0.3,5.0
150,Aaron Gordon\gordoaa01,SF,21,ORL,46,38,27.6,4.5,10.3,.439,1.1,3.6,.303,3.4,6.7,.511,.492,1.4,2.3,.617,1.2,3.5,4.7,2.0,0.8,0.4,1.1,2.1,11.5
151,Eric Gordon\gordoer01,SG,28,HOU,46,8,30.5,6.0,14.2,.421,3.6,9.2,.392,2.4,5.0,.474,.548,1.8,2.2,.850,0.3,2.4,2.7,2.8,0.6,0.5,1.8,2.0,17.4
152,Marcin Gortat\gortama01,C,32,WAS,44,44,34.9,5.0,8.6,.578,0.0,0.0,.000,5.0,8.5,.580,.578,1.3,2.1,.626,3.1,8.3,11.4,1.6,0.5,1.0,1.7,3.0,11.2
153,Treveon Graham\grahatr01,SG,23,CHO,14,1,6.1,0.4,0.9,.500,0.3,0.4,.667,0.1,0.4,.333,.667,0.4,0.6,.625,0.1,0.7,0.8,0.4,0.1,0.0,0.1,0.9,1.5
154,Jerami Grant\grantje01,SF,22,TOT,44,4,21.7,2.2,4.6,.470,0.6,1.4,.397,1.6,3.2,.504,.532,1.3,2.1,.604,0.3,2.2,2.5,0.5,0.4,1.2,0.6,1.9,6.1
154,Jerami Grant\grantje01,SF,22,PHI,2,0,20.5,3.0,8.5,.353,0.0,1.0,.000,3.0,7.5,.400,.353,2.0,4.0,.500,0.0,3.5,3.5,0.0,0.0,2.0,1.5,2.5,8.0
154,Jerami Grant\grantje01,SF,22,OKC,42,4,21.7,2.1,4.4,.481,0.6,1.5,.410,1.5,3.0,.516,.549,1.2,2.0,.614,0.3,2.2,2.5,0.5,0.5,1.1,0.5,1.9,6.0
155,Jerian Grant\grantje02,PG,24,CHI,34,5,14.7,1.8,4.6,.387,0.5,1.6,.321,1.2,2.9,.424,.445,1.1,1.1,.973,0.2,1.2,1.4,1.5,0.9,0.1,0.7,1.6,5.1
156,Danny Green\greenda02,SG,29,SAS,36,36,26.1,2.7,6.1,.436,1.9,4.5,.429,0.7,1.6,.456,.595,0.3,0.4,.786,0.3,2.6,2.9,1.9,0.9,0.6,1.0,1.8,7.6
157,Draymond Green\greendr01,PF,26,GSW,43,43,33.3,3.8,8.6,.446,1.0,3.3,.315,2.8,5.3,.529,.507,1.9,2.8,.675,1.6,7.0,8.6,7.6,1.9,1.4,2.3,3.0,10.6
158,Gerald Green\greenge01,SG,31,BOS,24,0,10.5,1.8,4.8,.379,0.8,2.4,.351,1.0,2.5,.407,.466,0.7,0.8,.850,0.5,1.5,1.9,0.9,0.3,0.2,0.5,1.0,5.2
159,JaMychal Green\greenja01,PF,26,MEM,45,45,29.4,3.3,6.9,.473,0.8,2.0,.382,2.5,4.9,.509,.527,1.7,2.2,.765,2.2,5.3,7.5,1.2,0.8,0.6,1.2,3.6,9.0
160,Jeff Green\greenje02,SF,30,ORL,45,9,23.6,3.3,8.4,.390,0.9,3.1,.297,2.4,5.3,.444,.444,2.1,2.5,.848,0.6,2.4,3.0,1.2,0.5,0.2,1.2,1.3,9.6
161,Blake Griffin\griffbl01,PF,27,LAC,26,26,33.7,7.9,16.5,.480,0.2,0.8,.227,7.7,15.7,.494,.486,5.2,6.9,.749,2.0,6.8,8.8,4.7,1.0,0.5,2.4,2.7,21.2
162,Justin Hamilton\hamilju01,C,26,BRK,38,5,20.1,2.7,6.2,.438,1.0,3.3,.304,1.7,2.9,.591,.519,0.5,0.7,.720,1.2,3.4,4.6,0.9,0.5,0.7,0.7,1.4,6.9
163,A.J. Hammons\hammoaj01,C,24,DAL,17,0,4.5,0.5,1.3,.409,0.2,0.4,.667,0.3,0.9,.313,.500,0.1,0.6,.200,0.3,0.9,1.2,0.1,0.0,0.4,0.2,0.6,1.4
164,Tim Hardaway\hardati02,SG,24,ATL,43,6,22.8,4.4,10.0,.445,1.6,4.8,.341,2.8,5.2,.540,.527,1.2,1.8,.641,0.3,1.8,2.1,1.8,0.6,0.2,1.0,1.1,11.7
165,James Harden\hardeja01,PG,27,HOU,48,48,36.6,8.3,18.5,.449,3.1,8.8,.349,5.3,9.8,.538,.531,8.9,10.4,.856,1.2,7.0,8.2,11.6,1.4,0.5,5.9,2.6,28.6
166,Maurice Harkless\harklma01,SF,23,POR,44,42,29.8,4.4,9.1,.485,1.1,3.3,.347,3.3,5.9,.562,.547,1.0,1.5,.688,1.6,3.1,4.7,1.0,1.1,0.9,1.3,2.9,11.0
167,Montrezl Harrell\harremo01,PF,23,HOU,39,13,19.2,4.1,6.3,.652,0.0,0.1,.333,4.1,6.2,.656,.654,1.4,2.2,.635,1.4,2.4,3.8,1.2,0.4,0.8,0.9,2.0,9.6
168,Devin Harris\harride01,PG,33,DAL,28,0,15.5,1.7,4.5,.384,0.9,2.6,.329,0.9,1.9,.462,.480,1.4,1.5,.905,0.3,1.5,1.8,1.5,0.4,0.1,0.7,1.2,5.6
169,Gary Harris\harriga01,SG,22,DEN,19,18,27.0,4.8,9.9,.487,1.3,3.2,.400,3.6,6.8,.527,.550,1.8,2.5,.729,0.8,2.2,3.1,2.9,0.8,0.2,1.0,1.7,12.8
170,Joe Harris\harrijo01,SG,25,BRK,40,10,22.6,3.1,7.2,.433,1.6,4.4,.362,1.6,2.9,.539,.542,0.7,1.0,.744,0.3,2.7,3.0,1.2,0.6,0.1,1.1,2.3,8.6
171,Tobias Harris\harrito02,PF,24,DET,46,38,32.9,6.5,13.4,.484,1.4,4.2,.346,5.1,9.3,.546,.537,2.3,2.6,.890,0.5,4.6,5.2,1.8,0.7,0.5,1.3,1.7,16.7
172,Aaron Harrison\harriaa01,SG,22,CHO,5,0,3.4,0.0,0.8,.000,0.0,0.4,.000,0.0,0.4,.000,.000,0.2,0.4,.500,0.0,0.6,0.6,0.6,0.0,0.0,0.0,0.4,0.2
173,Andrew Harrison\harrian01,SG,22,MEM,43,14,24.1,1.8,6.0,.306,0.6,2.6,.241,1.2,3.4,.356,.359,2.5,3.2,.770,0.4,1.8,2.2,3.3,0.9,0.4,1.4,3.1,6.8
174,Udonis Haslem\hasleud01,C,36,MIA,14,0,7.9,0.6,1.3,.500,0.0,0.1,.000,0.6,1.2,.529,.500,0.6,1.1,.600,0.5,1.5,2.0,0.4,0.4,0.1,0.5,1.2,1.9
175,Spencer Hawes\hawessp01,PF,28,CHO,30,0,16.8,3.0,6.0,.494,0.5,1.6,.319,2.5,4.4,.556,.536,0.7,0.8,.840,0.7,3.0,3.8,1.7,0.4,0.7,1.1,1.7,7.1
176,Gordon Hayward\haywago01,SF,26,UTA,39,39,34.8,7.1,15.3,.462,2.0,5.0,.395,5.1,10.3,.494,.526,6.0,6.8,.873,0.6,5.2,5.7,3.5,1.0,0.3,2.0,1.7,22.1
177,Gerald Henderson\hendege02,SG,29,PHI,38,29,24.4,3.5,7.8,.451,0.9,2.2,.400,2.6,5.5,.471,.508,1.5,1.8,.812,0.4,2.2,2.7,1.7,0.6,0.2,0.9,1.8,9.4
178,John Henson\hensojo01,C,26,MIL,41,34,20.1,2.7,5.4,.498,0.0,0.0,.000,2.7,5.4,.500,.498,1.4,1.9,.709,1.5,3.8,5.3,1.2,0.5,1.3,1.0,2.5,6.7
179,Juan Hernangomez\hernaju01,PF,21,DEN,30,2,10.6,1.1,2.4,.451,0.4,1.1,.375,0.7,1.3,.513,.535,0.8,1.2,.657,0.6,1.8,2.3,0.4,0.3,0.3,0.3,0.9,3.3
180,Willy Hernangomez\hernawi01,C,22,NYK,38,0,13.7,2.4,4.3,.552,0.1,0.3,.300,2.3,4.1,.568,.561,0.9,1.2,.733,1.4,3.5,4.9,0.8,0.3,0.5,1.2,1.4,5.7
181,Mario Hezonja\hezonma01,SF,21,ORL,33,0,9.4,1.3,3.7,.341,0.5,1.8,.293,0.8,2.0,.385,.411,0.3,0.5,.733,0.3,1.1,1.4,0.5,0.3,0.2,0.8,0.8,3.4
182,Roy Hibbert\hibbero01,C,30,CHO,38,9,16.1,1.9,3.5,.541,0.0,0.0,,1.9,3.5,.541,.541,1.5,1.9,.803,1.3,2.3,3.6,0.5,0.2,1.1,0.7,2.4,5.3
183,Buddy Hield\hieldbu01,SG,23,NOP,45,25,20.1,3.3,8.5,.394,1.6,4.3,.373,1.7,4.2,.415,.488,0.6,0.6,.897,0.4,2.5,2.9,1.3,0.3,0.1,0.9,1.3,8.8
184,Nene Hilario\hilarne01,C,34,HOU,42,5,17.0,3.0,5.0,.603,0.1,0.1,.500,2.9,4.8,.606,.610,1.8,3.1,.581,1.2,2.5,3.7,0.9,0.8,0.6,1.2,2.3,7.9
185,George Hill\hillge01,PG,30,UTA,22,22,31.4,6.3,12.7,.493,2.0,4.6,.431,4.3,8.1,.528,.571,3.5,4.4,.792,0.5,3.1,3.7,4.1,1.0,0.3,1.6,2.5,18.0
186,Jordan Hill\hilljo01,C,29,MIN,5,0,8.0,0.8,2.2,.364,0.0,0.0,,0.8,2.2,.364,.364,0.4,0.4,1.000,1.4,1.2,2.6,0.0,0.2,0.0,0.6,1.8,2.0
187,Solomon Hill\hillso01,SF,25,NOP,43,34,27.5,1.9,5.1,.371,0.9,2.7,.322,1.0,2.5,.425,.455,1.1,1.4,.817,0.4,3.2,3.6,1.7,0.8,0.4,0.9,2.3,5.8
188,Darrun Hilliard\hillida01,SG,23,DET,26,1,11.1,1.2,3.7,.326,0.3,1.3,.257,0.8,2.3,.367,.374,0.7,0.9,.708,0.1,1.0,1.0,0.9,0.3,0.0,0.8,1.2,3.4
189,Jrue Holiday\holidjr01,PG,26,NOP,30,24,30.7,5.4,12.7,.429,1.5,3.8,.386,4.0,8.9,.447,.487,2.1,3.0,.711,0.5,3.0,3.5,7.1,1.4,0.5,2.6,2.5,14.5
190,Justin Holiday\holidju01,SG,27,NYK,46,2,19.1,2.7,6.1,.438,1.1,3.0,.374,1.5,3.1,.500,.530,1.0,1.1,.865,0.4,2.5,2.9,1.0,0.8,0.3,0.8,1.5,7.5
191,Rondae Hollis-Jefferson\holliro01,SF,22,BRK,40,15,21.6,2.7,6.6,.403,0.2,0.9,.222,2.5,5.7,.432,.418,2.6,3.4,.763,0.8,4.0,4.7,2.0,1.1,0.5,1.5,2.3,8.1
192,Richaun Holmes\holmeri01,C,23,PHI,22,2,15.5,2.7,5.4,.508,0.3,0.9,.350,2.4,4.5,.541,.538,0.8,1.3,.621,1.4,2.7,4.1,0.8,0.6,0.9,0.8,2.0,6.6
193,Rodney Hood\hoodro01,SG,24,UTA,37,37,29.3,5.2,12.5,.418,2.1,5.7,.358,3.2,6.8,.468,.500,1.5,2.0,.747,0.3,3.4,3.6,2.0,0.6,0.2,1.2,2.3,14.0
194,Al Horford\horfoal01,C,30,BOS,33,33,33.2,5.9,13.2,.451,1.5,4.5,.333,4.4,8.6,.512,.508,1.7,2.1,.814,1.5,5.3,6.9,5.0,0.7,1.7,1.6,2.2,15.1
195,Danuel House\houseda01,SG,23,WAS,1,0,1.0,0.0,0.0,,0.0,0.0,,0.0,0.0,,,0.0,0.0,,0.0,1.0,1.0,0.0,0.0,0.0,0.0,0.0,0.0
196,Dwight Howard\howardw01,C,31,ATL,40,40,29.3,5.3,8.4,.635,0.0,0.0,,5.3,8.4,.635,.635,3.1,5.5,.560,4.4,8.4,12.9,1.3,0.9,1.3,2.2,3.0,13.7
197,Marcelo Huertas\huertma01,PG,33,LAL,20,1,10.4,1.0,2.8,.364,0.1,0.7,.143,0.9,2.1,.439,.382,0.4,0.8,.500,0.1,1.0,1.0,2.4,0.5,0.1,0.9,0.7,2.5
198,Kris Humphries\humphkr01,PF,31,ATL,36,1,11.5,1.6,3.8,.434,0.3,0.9,.364,1.3,2.9,.456,.478,1.3,1.5,.833,1.2,2.3,3.4,0.6,0.3,0.4,0.6,1.2,4.9
199,R.J. Hunter\hunterj01,SG,23,CHI,3,0,3.0,0.0,0.3,.000,0.0,0.3,.000,0.0,0.0,,.000,0.0,0.0,,0.0,0.3,0.3,0.0,0.0,0.0,0.0,0.0,0.0
200,Serge Ibaka\ibakase01,PF,27,ORL,45,45,30.2,6.2,12.6,.489,1.5,3.8,.387,4.7,8.7,.534,.549,1.4,1.7,.816,1.8,5.1,6.9,1.1,0.6,1.6,1.2,2.5,15.2
201,Andre Iguodala\iguodan01,SF,33,GSW,43,0,25.2,2.3,4.8,.478,0.7,2.2,.344,1.6,2.7,.588,.556,0.5,0.8,.629,0.7,3.0,3.7,3.3,0.9,0.4,0.7,1.3,5.9
202,Ersan Ilyasova\ilyaser01,PF,29,TOT,42,26,27.4,5.5,12.0,.455,2.2,5.7,.382,3.3,6.3,.521,.546,1.6,2.1,.784,1.3,4.7,6.0,1.7,0.5,0.3,1.4,2.3,14.7
202,Ersan Ilyasova\ilyaser01,PF,29,OKC,3,0,20.7,2.0,5.3,.375,1.0,4.0,.250,1.0,1.3,.750,.469,0.0,0.0,,0.7,4.7,5.3,0.3,1.0,0.3,1.3,1.7,5.0
202,Ersan Ilyasova\ilyaser01,PF,29,PHI,39,26,27.9,5.7,12.5,.458,2.3,5.8,.389,3.5,6.7,.517,.548,1.8,2.3,.784,1.4,4.7,6.1,1.8,0.5,0.3,1.4,2.4,15.5
203,Joe Ingles\inglejo01,SF,29,UTA,46,7,21.0,2.3,4.8,.475,1.3,2.8,.450,1.0,2.0,.511,.609,0.6,0.8,.784,0.2,2.4,2.6,2.3,1.1,0.1,1.0,1.9,6.5
204,Brandon Ingram\ingrabr01,SF,19,LAL,48,14,28.2,2.9,7.9,.369,0.7,2.3,.297,2.2,5.5,.398,.412,1.8,2.7,.672,0.7,3.4,4.1,2.0,0.5,0.4,1.3,1.9,8.3
205,Kyrie Irving\irvinky01,PG,24,CLE,38,38,35.1,9.0,19.3,.469,2.5,6.0,.410,6.6,13.2,.495,.533,4.0,4.4,.893,0.8,2.6,3.4,5.6,1.2,0.2,2.6,1.9,24.5
206,Demetrius Jackson\jacksde01,PG,22,BOS,4,0,4.3,0.8,1.0,.750,0.3,0.3,1.000,0.5,0.8,.667,.875,0.8,1.5,.500,0.5,0.5,1.0,0.8,0.0,0.0,0.0,0.0,2.5
207,Pierre Jackson\jackspi01,PG,25,DAL,6,0,7.8,1.2,3.8,.304,0.3,1.0,.333,0.8,2.8,.294,.348,1.0,1.0,1.000,0.0,0.7,0.7,2.0,0.3,0.0,0.5,0.7,3.7
208,Reggie Jackson\jacksre01,PG,26,DET,25,25,29.3,6.3,14.5,.435,1.5,4.0,.380,4.8,10.5,.456,.488,2.7,3.2,.861,0.5,1.8,2.3,5.6,0.7,0.1,2.7,3.0,16.9
209,LeBron James\jamesle01,SF,32,CLE,40,40,37.5,9.5,18.3,.519,1.7,4.7,.369,7.8,13.6,.571,.566,5.0,7.1,.702,1.4,6.5,7.8,8.4,1.5,0.6,4.2,1.7,25.6
210,Al Jefferson\jeffeal01,C,32,IND,44,1,15.1,3.7,7.5,.494,0.0,0.0,.000,3.7,7.5,.495,.494,1.2,1.5,.779,1.3,3.0,4.3,0.8,0.3,0.3,0.5,1.9,8.7
211,Richard Jefferson\jefferi01,SF,36,CLE,43,5,19.3,1.7,4.3,.400,0.7,2.3,.296,1.0,2.0,.517,.478,1.0,1.3,.732,0.3,2.0,2.3,1.0,0.3,0.1,0.7,1.8,5.1
212,John Jenkins\jenkijo01,SG,25,PHO,4,0,3.3,0.5,1.3,.400,0.3,0.5,.500,0.3,0.8,.333,.500,0.5,0.5,1.000,0.0,0.3,0.3,0.3,0.0,0.0,0.0,0.0,1.8
213,Brandon Jennings\jennibr01,PG,27,NYK,46,6,23.3,2.7,7.0,.388,1.1,3.3,.322,1.7,3.7,.447,.464,1.6,2.1,.779,0.4,2.2,2.6,4.8,0.8,0.1,2.0,1.3,8.1
214,Jonas Jerebko\jerebjo01,PF,29,BOS,42,1,16.6,1.7,3.7,.468,0.7,1.8,.378,1.1,2.0,.549,.558,0.3,0.4,.778,0.8,2.4,3.2,0.8,0.5,0.2,0.6,1.6,4.5
215,Amir Johnson\johnsam01,PF,29,BOS,42,41,20.5,2.5,4.7,.538,0.3,0.8,.364,2.2,3.9,.573,.569,1.0,1.4,.683,1.8,2.9,4.6,1.9,0.6,0.7,0.9,2.7,6.3
216,James Johnson\johnsja01,PF,29,MIA,40,0,26.0,4.3,8.9,.478,1.3,3.5,.362,3.0,5.5,.550,.548,1.7,2.4,.705,0.9,4.0,4.9,3.1,0.8,1.0,2.1,2.7,11.4
217,Joe Johnson\johnsjo02,SF,35,UTA,45,8,22.2,3.2,7.4,.434,1.1,2.9,.382,2.1,4.5,.468,.509,0.7,0.9,.825,0.4,2.5,2.9,1.5,0.4,0.2,0.8,1.1,8.2
218,Stanley Johnson\johnsst04,SF,20,DET,42,0,16.4,1.5,3.8,.404,0.5,1.5,.328,1.0,2.3,.454,.469,0.5,0.7,.633,0.4,1.7,2.1,1.3,0.7,0.4,0.7,1.5,4.0
219,Tyler Johnson\johnsty01,PG,24,MIA,40,0,31.0,5.1,11.8,.431,1.4,3.6,.379,3.7,8.2,.454,.489,2.6,3.5,.745,0.6,3.7,4.3,3.2,1.2,0.7,1.0,2.4,14.2
220,Wesley Johnson\johnswe01,SF,29,LAC,39,3,13.9,1.2,3.5,.356,0.5,2.0,.269,0.7,1.5,.474,.433,0.3,0.4,.667,0.6,2.9,3.5,0.5,0.5,0.6,0.3,1.6,3.3
221,Nikola Jokic\jokicni01,C,21,DEN,39,25,25.6,6.0,10.1,.595,0.5,1.5,.356,5.5,8.6,.637,.622,2.4,2.9,.809,2.8,5.5,8.3,3.8,0.7,0.7,1.8,3.1,15.0
222,Damian Jones\jonesda03,C,21,GSW,2,0,8.0,0.0,0.5,.000,0.0,0.0,,0.0,0.5,.000,.000,0.0,0.0,,0.0,0.5,0.5,0.0,0.5,0.0,1.5,2.0,0.0
223,Derrick Jones\jonesde02,SF,19,PHO,2,0,3.0,0.5,0.5,1.000,0.0,0.0,,0.5,0.5,1.000,1.000,0.5,0.5,1.000,0.0,0.0,0.0,0.0,0.0,0.0,0.0,0.5,1.5
224,James Jones\jonesja02,SF,36,CLE,26,1,7.2,1.0,1.8,.532,0.8,1.3,.618,0.2,0.5,.308,.755,0.3,0.3,.778,0.0,0.6,0.6,0.2,0.1,0.2,0.2,0.7,3.0
225,Terrence Jones\joneste01,PF,25,NOP,43,7,24.5,4.4,9.2,.482,0.4,1.5,.266,4.0,7.7,.524,.504,2.0,3.4,.603,1.3,4.8,6.1,1.2,0.7,1.1,1.0,1.2,11.3
226,Tyus Jones\jonesty01,PG,20,MIN,25,0,10.8,1.1,2.6,.424,0.5,1.1,.464,0.6,1.5,.395,.523,0.7,0.8,.850,0.2,0.8,1.1,2.1,0.6,0.0,0.6,0.7,3.4
227,DeAndre Jordan\jordade01,C,28,LAC,46,46,32.0,4.9,7.1,.689,0.0,0.0,.000,4.9,7.1,.691,.689,2.7,5.2,.523,3.6,10.2,13.8,1.1,0.6,1.8,1.5,2.7,12.5
228,Cory Joseph\josepco01,SG,25,TOR,43,1,22.6,3.5,7.9,.450,0.5,1.4,.390,3.0,6.5,.462,.484,1.4,1.7,.797,0.6,2.2,2.8,2.9,0.7,0.1,1.1,1.7,9.0
229,Frank Kaminsky\kaminfr01,C,23,CHO,43,6,24.3,3.8,9.6,.393,1.3,4.1,.314,2.5,5.5,.451,.460,1.4,1.8,.759,0.9,3.5,4.4,2.0,0.7,0.4,1.0,1.5,10.2
230,Enes Kanter\kanteen01,C,24,OKC,45,0,21.9,5.7,10.1,.567,0.1,0.7,.161,5.6,9.4,.597,.573,3.0,3.8,.789,2.6,4.0,6.7,1.0,0.5,0.7,1.6,2.2,14.6
231,Ryan Kelly\kellyry01,PF,25,ATL,9,0,5.2,0.3,1.1,.300,0.2,0.6,.400,0.1,0.6,.200,.400,0.2,0.2,1.000,0.0,1.1,1.1,0.6,0.4,0.2,0.2,0.3,1.1
232,Michael Kidd-Gilchrist\kiddgmi01,SF,23,CHO,44,44,29.7,3.5,7.8,.449,0.0,0.2,.143,3.5,7.6,.455,.450,2.0,2.7,.756,2.1,5.4,7.5,1.4,0.8,1.0,0.8,2.1,9.1
233,Sean Kilpatrick\kilpase01,SG,27,BRK,43,24,27.1,4.7,11.4,.414,1.6,4.6,.340,3.2,6.8,.464,.483,3.2,3.9,.837,0.3,4.0,4.3,2.5,0.8,0.1,2.4,2.0,14.2
234,Brandon Knight\knighbr03,SG,25,PHO,41,4,21.9,4.1,10.3,.395,0.9,2.6,.352,3.1,7.7,.410,.440,2.9,3.3,.854,0.5,1.9,2.4,2.4,0.6,0.0,1.7,1.8,11.9
235,Kyle Korver\korveky01,SG,35,TOT,39,21,27.3,3.3,7.5,.438,2.0,4.9,.406,1.3,2.6,.500,.572,0.6,0.7,.889,0.1,2.8,2.9,2.0,0.7,0.3,1.1,1.4,9.2
235,Kyle Korver\korveky01,SG,35,ATL,32,21,27.9,3.4,7.7,.441,2.0,5.0,.409,1.3,2.7,.500,.573,0.8,0.8,.889,0.0,2.8,2.8,2.3,0.7,0.4,1.3,1.5,9.5
235,Kyle Korver\korveky01,SG,35,CLE,7,0,24.1,2.9,6.7,.426,1.9,4.7,.394,1.0,2.0,.500,.564,0.0,0.0,,0.3,3.0,3.3,0.4,0.6,0.0,0.6,1.3,7.6
236,Kosta Koufos\koufoko01,C,27,SAC,44,35,19.4,2.9,4.9,.586,0.0,0.0,.000,2.9,4.9,.589,.586,0.5,0.9,.564,1.7,3.8,5.5,0.5,0.5,0.6,1.0,2.3,6.2
237,Mindaugas Kuzminskas\kuzmimi01,SF,27,NYK,39,3,13.6,2.2,4.9,.448,0.9,2.5,.365,1.3,2.5,.531,.539,0.7,0.8,.818,0.6,1.1,1.7,0.9,0.5,0.2,0.6,1.2,6.0
238,Skal Labissiere\labissk01,PF,20,SAC,5,0,6.6,1.2,1.8,.667,0.0,0.0,,1.2,1.8,.667,.667,0.6,1.0,.600,1.0,0.8,1.8,0.0,0.2,0.0,0.4,0.0,3.0
239,Jeremy Lamb\lambje01,SG,24,CHO,28,3,17.8,3.4,7.7,.442,0.5,2.3,.234,2.9,5.4,.530,.477,1.9,2.3,.828,0.5,4.3,4.8,1.2,0.4,0.4,0.6,1.4,9.2
240,Nicolas Laprovittola\laproni01,PG,27,SAS,18,3,9.7,1.1,2.6,.426,0.6,1.5,.370,0.6,1.1,.500,.532,0.5,0.5,1.000,0.1,0.5,0.6,1.6,0.2,0.1,1.1,1.1,3.3
241,Joffrey Lauvergne\lauvejo01,C,25,OKC,38,0,13.9,2.0,4.5,.439,0.5,1.6,.339,1.4,2.9,.491,.497,0.7,1.1,.605,1.0,2.5,3.4,0.9,0.4,0.1,0.6,1.4,5.2
242,Zach LaVine\lavinza01,SG,21,MIN,41,41,37.2,7.1,15.4,.461,2.7,6.8,.404,4.4,8.7,.506,.550,2.4,2.8,.862,0.4,3.0,3.4,3.0,0.8,0.2,1.9,2.2,19.4
243,Ty Lawson\lawsoty01,PG,29,SAC,42,15,24.9,3.2,7.4,.428,0.5,1.8,.286,2.6,5.6,.474,.463,2.1,2.6,.800,0.7,2.0,2.7,4.3,1.1,0.1,1.7,1.5,9.0
244,Jake Layman\laymaja01,SF,22,POR,23,0,6.3,0.8,2.4,.321,0.4,1.7,.237,0.4,0.8,.500,.402,0.4,0.6,.692,0.1,0.5,0.6,0.3,0.3,0.1,0.2,0.6,2.3
245,Courtney Lee\leeco01,SG,31,NYK,41,38,30.6,3.7,8.3,.442,1.4,3.3,.430,2.3,5.0,.449,.526,0.9,1.0,.878,0.7,2.3,3.0,2.0,0.8,0.3,0.7,1.8,9.7
246,David Lee\leeda02,PF,33,SAS,43,5,18.0,3.0,5.0,.590,0.0,0.0,,3.0,5.0,.590,.590,0.9,1.3,.741,1.7,3.6,5.3,1.6,0.4,0.4,0.9,1.5,6.9
247,Alex Len\lenal01,C,23,PHO,42,10,20.6,2.9,5.7,.502,0.0,0.1,.000,2.9,5.7,.508,.502,2.0,2.7,.730,1.9,4.8,6.7,0.5,0.4,1.4,1.3,3.1,7.8
248,Kawhi Leonard\leonaka01,SF,25,SAS,41,41,33.6,8.4,17.1,.491,2.1,5.0,.415,6.3,12.1,.522,.551,6.6,7.2,.912,1.2,4.5,5.7,3.2,1.8,0.7,1.9,1.6,25.5
249,Meyers Leonard\leoname01,PF,24,POR,40,5,16.0,2.0,5.5,.372,1.1,3.1,.355,0.9,2.4,.394,.472,0.6,0.6,.958,0.4,2.8,3.2,0.8,0.1,0.4,0.6,2.2,5.7
250,Jon Leuer\leuerjo01,PF,27,DET,40,9,26.7,4.4,8.6,.513,0.9,2.5,.343,3.6,6.1,.582,.563,1.3,1.5,.897,1.4,4.6,6.0,1.8,0.5,0.4,0.9,2.0,11.0
251,Caris LeVert\leverca01,SF,22,BRK,23,0,18.5,2.4,5.3,.455,1.0,3.1,.333,1.4,2.2,.627,.553,1.0,1.3,.742,0.3,2.3,2.5,1.9,0.9,0.1,0.8,1.3,6.9
252,DeAndre Liggins\liggide01,SG,28,CLE,35,16,16.3,1.1,2.9,.370,0.4,1.1,.395,0.6,1.8,.355,.445,0.5,0.7,.654,0.3,1.4,1.8,1.0,0.9,0.3,0.8,1.8,3.0
253,Damian Lillard\lillada01,PG,26,POR,41,41,35.6,8.6,19.3,.445,2.5,7.3,.343,6.1,12.0,.507,.510,6.5,7.3,.896,0.6,4.1,4.8,5.9,0.7,0.3,2.7,2.2,26.2
254,Jeremy Lin\linje01,PG,28,BRK,12,9,25.0,5.1,10.8,.469,1.3,4.0,.333,3.8,6.8,.549,.531,2.4,3.4,.707,0.2,3.1,3.3,5.8,1.3,0.6,2.7,1.0,13.9
255,Shaun Livingston\livinsh01,PG,31,GSW,43,0,17.5,2.4,4.2,.587,0.0,0.0,.000,2.4,4.1,.590,.587,0.5,0.8,.571,0.5,1.6,2.1,1.7,0.4,0.2,0.9,1.6,5.3
256,Kevon Looney\looneke01,C,20,GSW,34,3,8.4,1.1,1.9,.569,0.0,0.1,.250,1.1,1.8,.590,.577,0.4,0.6,.636,0.9,1.6,2.5,0.6,0.2,0.4,0.3,1.4,2.6
257,Brook Lopez\lopezbr01,C,28,BRK,40,40,29.1,7.2,15.3,.469,1.8,5.1,.345,5.4,10.2,.531,.526,4.2,5.0,.849,1.6,3.6,5.1,2.7,0.6,1.7,2.5,2.5,20.3
258,Robin Lopez\lopezro01,C,28,CHI,45,45,28.3,4.3,8.8,.482,0.0,0.0,.000,4.3,8.8,.484,.482,0.8,1.3,.655,3.5,3.6,7.0,0.8,0.2,1.7,1.0,1.8,9.4
259,Kevin Love\loveke01,PF,28,CLE,38,38,31.9,6.6,15.3,.429,2.6,6.9,.374,4.0,8.4,.473,.513,4.8,5.5,.880,2.5,8.4,10.9,1.8,0.8,0.4,2.1,1.9,20.5
260,Kyle Lowry\lowryky01,PG,30,TOR,43,43,37.2,7.0,14.8,.470,3.2,7.5,.429,3.7,7.3,.513,.579,5.0,6.1,.824,0.9,3.9,4.8,7.0,1.7,0.3,2.9,2.9,22.1
261,John Lucas III\lucasjo02,PG,34,MIN,5,0,2.2,0.2,0.8,.250,0.0,0.2,.000,0.2,0.6,.333,.250,0.0,0.0,,0.0,0.0,0.0,0.2,0.4,0.0,0.0,0.0,0.4
262,Timothe Luwawu-Cabarrot\luwawti01,SF,21,PHI,29,0,10.2,0.9,2.6,.365,0.2,0.8,.304,0.7,1.8,.392,.412,1.0,1.3,.737,0.2,1.1,1.4,0.6,0.3,0.1,0.7,1.4,3.1
263,Trey Lyles\lylestr01,PF,21,UTA,46,3,19.3,2.9,7.5,.394,1.2,3.5,.331,1.8,3.9,.450,.472,1.0,1.3,.721,0.8,3.0,3.8,1.3,0.5,0.4,1.1,1.4,8.0
264,Shelvin Mack\macksh01,PG,26,UTA,41,9,22.8,3.3,7.3,.448,0.7,2.3,.316,2.5,5.0,.510,.498,0.8,1.2,.667,0.4,1.9,2.2,2.9,0.8,0.0,2.0,1.8,8.1
265,Ian Mahinmi\mahinia01,C,30,WAS,1,0,14.0,0.0,1.0,.000,0.0,0.0,,0.0,1.0,.000,.000,1.0,2.0,.500,0.0,1.0,1.0,0.0,1.0,1.0,2.0,3.0,1.0
266,Thon Maker\makerth01,PF,19,MIL,20,1,4.9,0.8,1.4,.556,0.3,0.6,.500,0.5,0.8,.600,.667,0.5,0.8,.667,0.3,0.9,1.2,0.1,0.1,0.2,0.1,0.6,2.3
267,Boban Marjanovic\marjabo01,C,28,DET,20,0,7.3,1.5,3.3,.462,0.0,0.0,,1.5,3.3,.462,.462,1.1,1.4,.778,1.3,2.1,3.4,0.2,0.1,0.4,0.3,0.6,4.1
268,Jarell Martin\martija01,PF,22,MEM,40,3,13.5,1.4,3.6,.375,0.2,0.7,.346,1.1,3.0,.381,.406,1.0,1.2,.792,0.9,3.0,3.9,0.2,0.4,0.2,0.7,2.3,3.9
269,Wesley Matthews\matthwe02,SG,30,DAL,43,43,35.4,5.1,12.9,.394,2.9,7.5,.386,2.2,5.5,.404,.505,1.9,2.4,.798,0.2,3.0,3.3,2.2,1.2,0.3,1.4,2.1,15.0
270,Luc Mbah a Moute\mbahalu01,PF,30,LAC,44,44,23.6,2.5,5.1,.493,0.6,1.6,.400,1.9,3.5,.536,.556,1.0,1.4,.710,0.8,1.8,2.6,0.4,1.1,0.6,0.8,1.6,6.6
271,James Michael McAdoo\mcadoja01,PF,24,GSW,18,0,5.8,0.6,1.3,.458,0.0,0.2,.000,0.6,1.2,.524,.458,0.2,0.4,.429,0.1,0.8,0.8,0.2,0.1,0.2,0.4,0.4,1.4
272,Patrick McCaw\mccawpa01,SG,21,GSW,35,1,11.2,1.1,2.7,.409,0.6,1.5,.404,0.5,1.2,.415,.522,0.1,0.2,.625,0.3,0.7,1.0,0.8,0.3,0.2,0.5,0.8,2.9
273,Sheldon McClellan\mcclesh01,SG,24,WAS,20,3,11.6,1.1,3.0,.367,0.3,1.2,.208,0.9,1.8,.472,.408,0.9,1.1,.857,0.2,1.1,1.3,0.8,0.4,0.1,0.1,0.7,3.4
274,C.J. McCollum\mccolcj01,SG,25,POR,46,46,34.7,8.8,18.3,.478,2.6,6.1,.418,6.2,12.2,.508,.548,3.4,3.8,.891,0.8,2.7,3.5,3.7,1.2,0.7,2.3,2.8,23.5
275,T.J. McConnell\mccontj01,PG,24,PHI,41,11,23.0,2.2,5.0,.435,0.1,0.6,.240,2.0,4.4,.462,.449,0.6,0.8,.742,0.5,2.5,2.9,5.6,1.4,0.1,1.7,1.8,5.1
276,Chris McCullough\mcculch01,PF,21,BRK,12,0,5.5,1.2,2.4,.483,0.1,0.5,.167,1.1,1.9,.565,.500,0.2,0.3,.667,0.7,0.8,1.4,0.2,0.0,0.2,0.2,0.6,2.6
277,K.J. McDaniels\mcdankj01,SF,23,HOU,25,0,8.0,1.1,2.5,.452,0.3,1.0,.320,0.8,1.5,.541,.516,0.4,0.4,.900,0.2,0.9,1.1,0.2,0.2,0.3,0.4,0.9,2.9
278,Doug McDermott\mcderdo01,SF,25,CHI,32,2,25.7,3.7,8.5,.429,1.1,3.3,.343,2.5,5.3,.482,.495,1.4,1.5,.898,0.4,2.9,3.3,1.1,0.3,0.1,0.8,1.3,9.8
279,JaVale McGee\mcgeeja01,C,29,GSW,40,2,8.3,2.5,3.7,.671,0.0,0.1,.000,2.5,3.7,.685,.671,0.6,1.4,.444,0.9,1.7,2.6,0.3,0.3,0.6,0.6,1.3,5.6
280,Rodney McGruder\mcgruro01,SG,25,MIA,41,28,25.7,2.0,5.4,.377,0.8,2.6,.308,1.2,2.8,.440,.451,0.7,1.1,.636,1.3,2.0,3.4,1.5,0.6,0.2,0.7,2.0,5.6
281,Ben McLemore\mclembe01,SG,23,SAC,33,14,15.0,2.0,5.1,.399,0.5,1.9,.286,1.5,3.2,.467,.452,0.6,0.8,.750,0.2,1.0,1.2,0.6,0.4,0.1,0.8,1.2,5.2
282,Jordan McRae\mcraejo01,SG,25,CLE,28,3,10.4,1.7,4.4,.379,0.4,1.4,.316,1.3,3.1,.407,.427,0.9,1.1,.806,0.1,1.0,1.2,0.6,0.3,0.2,0.4,0.9,4.7
283,Josh McRoberts\mcrobjo01,PF,29,MIA,22,14,17.3,2.0,5.4,.373,0.6,1.4,.419,1.4,4.0,.356,.428,0.3,0.4,.667,1.0,2.3,3.4,2.3,0.5,0.2,1.0,1.4,4.9
284,Jodie Meeks\meeksjo01,SG,29,ORL,24,9,21.7,2.9,7.0,.417,1.5,3.7,.404,1.4,3.3,.430,.524,1.6,1.8,.905,0.1,2.1,2.3,1.5,1.2,0.1,1.0,1.2,8.9
285,Salah Mejri\mejrisa01,C,30,DAL,39,11,13.5,1.1,1.6,.656,0.0,0.1,.000,1.1,1.6,.677,.656,0.3,0.6,.591,1.3,3.0,4.3,0.3,0.5,0.9,0.6,2.3,2.5
286,Jordan Mickey\mickejo01,PF,22,BOS,12,1,8.3,1.0,2.1,.480,0.0,0.0,,1.0,2.1,.480,.480,0.5,0.8,.600,0.9,0.9,1.8,0.4,0.2,0.3,0.5,0.8,2.5
287,C.J. Miles\milescj01,SF,29,IND,38,4,22.0,3.7,8.6,.424,2.0,5.0,.405,1.6,3.6,.449,.541,1.2,1.4,.855,0.4,2.5,2.9,0.6,0.7,0.4,0.5,1.9,10.6
288,Mike Miller\millemi01,SF,36,DEN,8,0,5.1,0.5,1.1,.444,0.5,0.9,.571,0.0,0.3,.000,.667,0.3,0.3,1.000,0.3,1.3,1.5,0.9,0.0,0.0,0.5,0.3,1.8
289,Patty Mills\millspa02,PG,28,SAS,43,4,21.9,3.6,7.9,.460,1.9,4.3,.435,1.7,3.6,.490,.580,1.1,1.2,.868,0.3,1.5,1.8,3.4,0.8,0.0,1.4,1.4,10.2
290,Paul Millsap\millspa01,PF,31,ATL,42,42,34.0,6.4,14.5,.442,1.2,3.6,.327,5.2,10.9,.479,.482,4.0,5.3,.751,1.7,6.4,8.1,3.9,1.5,1.0,2.2,2.6,17.9
291,Nikola Mirotic\mirotni01,PF,25,CHI,39,2,23.1,3.2,8.3,.387,1.6,5.0,.311,1.6,3.3,.504,.481,1.4,1.8,.757,0.8,4.6,5.5,0.8,0.7,0.8,1.1,1.8,9.3
292,Greg Monroe\monrogr01,C,26,MIL,43,0,21.1,4.3,8.4,.510,0.0,0.0,.000,4.3,8.3,.513,.510,2.2,3.0,.721,2.0,4.8,6.8,2.2,1.2,0.4,1.6,1.7,10.7
293,E'Twaun Moore\mooreet01,SG,27,NOP,41,20,24.8,3.9,8.7,.451,1.1,2.9,.383,2.8,5.8,.485,.515,0.7,0.9,.750,0.5,1.7,2.1,2.3,0.6,0.5,1.0,1.9,9.6
294,Marcus Morris\morrima03,SF,27,DET,45,45,32.6,5.2,12.7,.412,1.6,4.7,.335,3.6,8.0,.458,.475,1.7,2.1,.819,0.9,3.5,4.4,2.0,0.8,0.3,1.1,2.1,13.7
295,Markieff Morris\morrima02,PF,27,WAS,43,43,31.9,5.3,11.7,.448,0.8,2.4,.333,4.4,9.3,.478,.482,2.5,3.1,.811,1.4,5.1,6.5,1.8,1.2,0.6,1.9,3.3,13.8
296,Anthony Morrow\morroan01,SG,31,OKC,31,7,15.2,2.1,5.2,.406,0.8,2.7,.298,1.3,2.5,.526,.484,0.5,0.6,.833,0.2,0.4,0.6,0.5,0.5,0.1,0.2,1.0,5.5
297,Donatas Motiejunas\motiedo01,PF,26,NOP,8,0,13.6,1.6,3.9,.419,0.8,1.8,.429,0.9,2.1,.412,.516,0.9,1.6,.538,0.8,2.0,2.8,1.5,0.8,0.5,0.8,1.3,4.9
298,Timofey Mozgov\mozgoti01,C,30,LAL,47,47,21.1,3.3,6.4,.517,0.0,0.0,.000,3.3,6.4,.518,.517,1.1,1.4,.794,2.0,2.9,4.9,0.8,0.3,0.5,1.3,2.4,7.7
299,Emmanuel Mudiay\mudiaem01,PG,20,DEN,41,41,28.6,4.2,11.2,.374,1.2,3.8,.318,3.0,7.5,.402,.427,2.5,3.2,.785,0.5,3.0,3.5,4.2,0.9,0.3,2.6,1.9,12.1
300,Shabazz Muhammad\muhamsh01,SF,24,MIN,40,0,18.6,3.0,6.5,.457,0.7,1.6,.415,2.3,4.8,.472,.510,1.7,2.1,.788,1.0,1.9,2.8,0.4,0.3,0.1,0.8,1.1,8.3
301,Dejounte Murray\murrade01,PG,20,SAS,23,5,8.4,1.6,3.3,.468,0.3,0.7,.500,1.2,2.7,.459,.519,0.7,0.9,.714,0.2,0.9,1.0,1.2,0.2,0.1,1.0,0.7,4.1
302,Jamal Murray\murraja01,SG,19,DEN,43,3,19.7,2.9,7.7,.376,1.2,3.8,.315,1.7,3.8,.436,.455,1.0,1.3,.833,0.6,2.0,2.6,1.7,0.5,0.3,1.2,1.5,8.0
303,Mike Muscala\muscami01,C,25,ATL,40,3,20.5,3.0,5.9,.509,0.8,1.8,.437,2.2,4.1,.540,.575,0.9,1.1,.773,1.3,2.4,3.7,1.4,0.6,0.6,0.9,1.7,7.6
304,Larry Nance Jr.\nancela02,PF,24,LAL,29,0,22.0,3.1,5.2,.589,0.1,0.4,.167,3.0,4.8,.626,.596,0.7,0.9,.704,1.5,3.8,5.3,1.3,1.1,0.7,0.8,2.4,6.9
305,Shabazz Napier\napiesh01,PG,25,POR,29,0,7.7,1.1,3.0,.379,0.6,1.8,.321,0.6,1.2,.471,.477,0.6,0.8,.739,0.1,0.7,0.8,0.9,0.6,0.0,0.7,0.6,3.4
306,Maurice Ndour\ndourma01,PF,24,NYK,17,0,7.8,0.9,1.9,.455,0.0,0.2,.000,0.9,1.8,.500,.455,0.5,0.6,.900,0.4,1.0,1.4,0.1,0.5,0.1,0.3,0.9,2.3
307,Gary Neal\nealga01,SG,32,ATL,2,0,9.0,0.0,3.5,.000,0.0,1.0,.000,0.0,2.5,.000,.000,2.0,2.0,1.000,0.0,0.5,0.5,0.5,0.0,0.0,0.0,0.5,2.0
308,Jameer Nelson\nelsoja01,PG,34,DEN,43,7,24.9,3.4,7.7,.438,1.2,3.3,.364,2.2,4.4,.495,.517,0.5,0.7,.688,0.4,1.7,2.1,4.5,0.7,0.1,1.9,2.8,8.5
309,Raul Neto\netora01,PG,24,UTA,24,0,8.2,1.0,2.3,.446,0.3,0.9,.286,0.8,1.5,.543,.500,0.1,0.1,1.000,0.0,0.8,0.8,0.8,0.5,0.0,0.5,1.1,2.5
310,Georges Niang\niangge01,PF,23,IND,19,0,4.4,0.3,1.7,.188,0.1,0.6,.091,0.3,1.1,.238,.203,0.1,0.1,1.000,0.1,0.6,0.7,0.3,0.2,0.0,0.3,0.3,0.8
311,Andrew Nicholson\nichoan01,PF,27,WAS,25,0,8.8,1.2,3.0,.405,0.1,0.6,.188,1.1,2.3,.466,.426,0.2,0.4,.600,0.4,0.9,1.3,0.3,0.4,0.2,0.4,1.4,2.8
312,Joakim Noah\noahjo01,C,31,NYK,40,40,22.7,2.3,4.7,.500,0.0,0.0,.000,2.3,4.6,.503,.500,0.8,1.8,.417,3.6,5.5,9.1,2.3,0.7,0.9,1.3,2.9,5.4
313,Nerlens Noel\noelne01,C,22,PHI,16,0,15.6,2.9,5.1,.573,0.0,0.0,,2.9,5.1,.573,.573,1.1,1.7,.667,1.6,2.6,4.2,0.5,1.0,0.7,0.9,1.9,7.0
314,Lucas Nogueira\noguelu01,C,24,TOR,35,6,21.0,2.0,2.9,.680,0.1,0.2,.429,1.9,2.7,.698,.694,0.9,1.3,.660,1.7,3.1,4.7,0.9,1.0,1.8,0.8,2.6,5.0
315,Steve Novak\novakst01,PF,33,MIL,8,0,2.8,0.3,0.9,.286,0.1,0.8,.167,0.1,0.1,1.000,.357,0.0,0.0,,0.0,0.4,0.4,0.0,0.0,0.0,0.0,0.1,0.6
316,Dirk Nowitzki\nowitdi01,PF,38,DAL,19,19,24.9,4.8,12.4,.387,1.5,4.3,.346,3.3,8.1,.409,.447,1.9,2.3,.841,0.5,5.4,5.8,1.5,0.5,0.6,0.9,2.1,13.0
317,Jusuf Nurkic\nurkiju01,C,22,DEN,38,26,18.8,3.7,7.0,.530,0.0,0.0,,3.7,7.0,.530,.530,1.3,2.6,.510,2.1,4.1,6.2,1.4,0.6,0.8,2.0,2.1,8.7
318,Kyle O'Quinn\oquinky01,PF,26,NYK,44,6,15.0,2.8,5.1,.545,0.0,0.2,.000,2.8,4.9,.562,.545,0.6,0.9,.684,2.0,3.5,5.5,1.2,0.4,1.2,0.9,2.1,6.1
319,Daniel Ochefu\ochefda01,C,23,WAS,10,0,4.2,0.6,1.3,.462,0.0,0.0,,0.6,1.3,.462,.462,0.0,0.2,.000,0.1,1.2,1.3,0.1,0.1,0.0,0.3,1.0,1.2
320,Jahlil Okafor\okafoja01,C,21,PHI,31,16,23.0,4.7,9.0,.527,0.0,0.0,,4.7,9.0,.527,.527,1.7,2.8,.609,1.6,3.3,4.8,1.0,0.4,1.1,1.5,2.5,11.2
321,Victor Oladipo\oladivi01,SG,24,OKC,36,36,33.8,6.3,13.9,.456,2.1,5.6,.376,4.2,8.3,.510,.532,1.4,2.1,.684,0.6,3.6,4.2,2.6,1.1,0.3,1.6,2.2,16.2
322,Kelly Olynyk\olynyke01,C,25,BOS,37,5,20.9,3.1,6.5,.481,1.1,2.8,.381,2.1,3.7,.559,.564,1.2,1.6,.741,0.8,3.6,4.4,2.0,0.7,0.4,1.2,2.5,8.5
323,Arinze Onuaku\onuakar01,C,29,ORL,8,0,3.5,0.3,0.5,.500,0.0,0.0,,0.3,0.5,.500,.500,0.0,0.0,,0.3,0.5,0.8,0.3,0.0,0.1,0.3,0.4,0.5
324,Chinanu Onuaku\onuakch01,C,20,HOU,2,0,5.0,1.0,1.0,1.000,0.0,0.0,,1.0,1.0,1.000,1.000,1.0,1.0,1.000,0.5,1.0,1.5,0.5,0.5,0.0,0.0,0.5,3.0
325,Kelly Oubre\oubreke01,SF,21,WAS,42,1,19.7,2.3,5.3,.435,0.8,2.4,.317,1.5,2.9,.533,.507,1.0,1.2,.769,0.7,2.8,3.5,0.7,0.7,0.2,0.7,2.3,6.3
326,Zaza Pachulia\pachuza01,C,32,GSW,41,41,18.9,2.2,4.2,.526,0.0,0.0,,2.2,4.2,.526,.526,1.4,1.9,.763,2.2,3.9,6.1,2.0,0.9,0.4,1.3,2.3,5.9
327,Georgios Papagiannis\papagge01,C,19,SAC,2,0,4.5,0.5,0.5,1.000,0.0,0.0,,0.5,0.5,1.000,1.000,0.0,0.0,,0.0,0.5,0.5,0.0,0.0,0.0,0.5,1.5,1.0
328,Jabari Parker\parkeja01,PF,21,MIL,44,43,34.2,8.0,16.3,.492,1.4,3.6,.401,6.6,12.7,.518,.536,3.1,4.3,.733,1.5,4.4,5.9,2.9,1.1,0.4,1.7,2.1,20.5
329,Tony Parker\parketo01,PG,34,SAS,32,32,25.8,4.9,10.2,.479,0.5,1.2,.405,4.4,9.0,.488,.502,1.3,1.6,.769,0.3,1.7,2.0,4.8,0.4,0.0,1.4,1.6,11.5
330,Chandler Parsons\parsoch01,SF,28,MEM,19,19,18.1,2.5,6.9,.366,0.7,3.0,.246,1.8,3.9,.459,.420,0.8,1.0,.842,0.2,1.7,1.9,1.4,0.7,0.1,0.5,1.3,6.6
331,Patrick Patterson\pattepa01,PF,27,TOR,33,1,28.0,2.4,6.6,.365,1.6,4.4,.366,0.8,2.2,.365,.486,0.7,0.9,.710,1.2,4.3,5.5,1.5,0.8,0.4,0.7,2.4,7.1
332,Chris Paul\paulch01,PG,31,LAC,36,36,30.9,5.8,12.3,.471,1.9,4.9,.395,3.9,7.4,.521,.550,3.9,4.5,.876,0.7,4.6,5.3,9.7,2.2,0.1,2.4,2.4,17.5
333,Adreian Payne\paynead01,PF,25,MIN,10,0,8.8,1.7,3.8,.447,0.2,1.0,.200,1.5,2.8,.536,.474,1.2,1.5,.800,0.6,1.2,1.8,0.4,0.4,0.4,0.7,1.9,4.8
334,Cameron Payne\payneca01,PG,22,OKC,8,0,16.6,2.1,6.1,.347,0.5,2.8,.182,1.6,3.4,.481,.388,0.3,0.3,1.000,0.1,1.6,1.8,1.8,0.4,0.1,0.6,2.5,5.0
335,Elfrid Payton\paytoel01,PG,22,ORL,46,26,29.1,5.2,11.1,.468,0.7,2.2,.297,4.5,8.9,.510,.497,1.5,2.3,.648,0.8,2.9,3.8,6.0,1.2,0.5,2.0,2.1,12.5
336,Paul Pierce\piercpa01,SF,39,LAC,12,6,12.3,1.2,3.3,.359,0.8,2.2,.346,0.4,1.1,.385,.474,0.7,0.8,.800,0.0,1.5,1.5,0.2,0.3,0.3,0.7,2.1,3.8
337,Marshall Plumlee\plumlma02,C,24,NYK,5,0,11.4,0.6,0.8,.750,0.0,0.0,,0.6,0.8,.750,.750,0.6,1.2,.500,1.4,1.8,3.2,0.8,0.2,0.4,0.6,1.8,1.8
338,Mason Plumlee\plumlma01,C,26,POR,46,46,27.8,4.3,8.1,.534,0.0,0.1,.000,4.3,8.0,.541,.534,2.2,4.0,.551,2.0,5.6,7.7,4.3,0.9,1.2,1.6,2.7,10.9
339,Miles Plumlee\plumlmi01,C,28,MIL,30,10,9.3,0.9,1.9,.474,0.0,0.0,,0.9,1.9,.474,.474,0.7,1.1,.667,0.6,0.8,1.4,0.6,0.3,0.3,0.7,1.4,2.5
340,Jakob Poeltl\poeltja01,C,21,TOR,25,2,10.2,0.8,1.7,.442,0.0,0.0,,0.8,1.7,.442,.442,0.6,1.0,.560,1.3,1.4,2.7,0.2,0.4,0.3,0.4,2.1,2.1
341,Otto Porter\porteot01,SF,23,WAS,44,44,33.7,5.7,10.6,.533,2.0,4.3,.450,3.7,6.3,.591,.625,1.2,1.5,.785,1.4,5.2,6.6,1.6,1.5,0.6,0.8,2.5,14.4
342,Bobby Portis\portibo01,PF,21,CHI,30,0,12.1,1.8,3.7,.477,0.3,0.9,.385,1.4,2.8,.506,.523,0.4,0.7,.550,1.2,2.2,3.4,0.5,0.2,0.1,0.6,1.4,4.2
343,Kristaps Porzingis\porzikr01,PF,21,NYK,39,38,33.7,6.9,15.4,.449,2.0,5.2,.388,4.9,10.3,.480,.514,3.1,3.8,.793,1.6,5.5,7.1,1.4,0.8,1.9,1.8,3.7,18.9
344,Dwight Powell\poweldw01,C,25,DAL,44,1,19.7,2.8,5.3,.534,0.1,0.4,.222,2.8,4.9,.560,.543,1.6,2.1,.780,1.5,3.3,4.8,0.8,1.1,0.6,0.4,2.0,7.4
345,Norman Powell\powelno01,SG,23,TOR,40,7,14.7,2.0,4.7,.435,0.7,1.8,.361,1.4,2.9,.482,.505,1.2,1.6,.778,0.2,1.4,1.6,0.9,0.7,0.2,0.6,1.4,5.9
346,Tim Quarterman\quartti01,SG,22,POR,12,0,3.3,0.6,0.8,.700,0.2,0.4,.400,0.4,0.4,1.000,.800,0.0,0.0,,0.2,0.3,0.5,0.6,0.1,0.2,0.3,0.3,1.3
347,Chasson Randle\randlch01,PG,23,PHI,3,0,8.0,1.7,2.7,.625,1.3,2.0,.667,0.3,0.7,.500,.875,0.7,0.7,1.000,0.0,0.7,0.7,0.3,0.7,0.0,0.3,1.7,5.3
348,Julius Randle\randlju01,PF,22,LAL,43,43,29.4,5.1,10.3,.490,0.1,0.5,.227,5.0,9.8,.504,.496,2.9,4.0,.718,1.8,6.6,8.5,3.9,0.8,0.5,2.6,3.5,13.2
349,Zach Randolph\randoza01,PF,35,MEM,39,1,23.5,5.9,13.3,.441,0.3,1.3,.265,5.5,12.1,.460,.454,1.6,2.1,.747,2.4,5.8,8.2,1.7,0.5,0.2,1.2,2.0,13.7
350,J.J. Redick\redicjj01,SG,32,LAC,43,43,27.9,5.4,11.9,.454,2.6,6.0,.435,2.8,5.8,.474,.565,2.1,2.4,.867,0.2,1.9,2.1,1.3,0.7,0.1,1.3,1.5,15.5
351,Willie Reed\reedwi02,C,26,MIA,36,4,13.7,2.2,3.9,.568,0.0,0.1,.000,2.2,3.8,.577,.568,0.6,1.3,.511,1.9,3.0,4.9,0.4,0.2,0.8,0.4,1.6,5.0
352,Josh Richardson\richajo01,SG,23,MIA,28,20,31.3,4.4,11.1,.394,1.6,5.1,.313,2.8,5.9,.464,.466,0.9,1.2,.735,0.5,2.8,3.3,2.8,0.9,0.5,1.5,2.6,11.2
353,Malachi Richardson\richama01,SG,21,SAC,9,0,6.7,0.9,2.2,.400,0.3,1.2,.273,0.6,1.0,.556,.475,0.8,1.1,.700,0.0,0.8,0.8,0.4,0.2,0.0,0.0,0.2,2.9
354,Austin Rivers\riverau01,SG,24,LAC,44,16,26.8,4.3,9.6,.448,1.5,3.8,.401,2.8,5.8,.478,.527,1.6,2.2,.729,0.3,1.7,2.0,2.6,0.7,0.2,1.4,2.3,11.7
355,Andre Roberson\roberan03,SF,25,OKC,45,45,31.0,2.7,6.2,.430,0.7,2.8,.266,1.9,3.4,.561,.489,0.6,1.5,.412,1.0,3.7,4.7,1.1,1.2,0.9,0.7,2.4,6.7
356,Brian Roberts\roberbr01,PG,31,CHO,12,0,5.4,0.3,1.3,.200,0.0,0.2,.000,0.3,1.1,.231,.200,0.9,1.2,.786,0.2,0.4,0.6,0.7,0.2,0.0,0.5,0.2,1.4
357,Glenn Robinson\robingl02,SF,23,IND,42,24,22.5,2.3,5.4,.420,0.7,1.9,.346,1.6,3.5,.462,.482,0.8,1.1,.708,0.9,2.8,3.7,0.8,0.5,0.4,0.7,1.0,6.0
358,Thomas Robinson\robinth01,PF,25,LAL,34,1,11.0,1.7,3.3,.523,0.0,0.0,,1.7,3.3,.523,.523,0.4,1.0,.429,1.7,2.7,4.4,0.7,0.5,0.3,0.7,1.6,3.9
359,Sergio Rodriguez\rodrise01,PG,30,PHI,37,30,25.2,3.4,8.8,.392,1.4,4.1,.346,2.0,4.6,.433,.474,0.3,0.4,.786,0.4,2.5,2.9,5.7,0.9,0.1,2.3,1.5,8.6
360,Rajon Rondo\rondora01,PG,30,CHI,36,29,28.1,2.9,8.0,.359,0.5,1.7,.306,2.3,6.3,.373,.392,0.4,0.7,.542,1.0,4.7,5.7,6.7,1.3,0.2,2.5,2.1,6.6
361,Derrick Rose\rosede01,PG,28,NYK,41,41,32.2,7.3,16.0,.456,0.3,1.2,.235,7.0,14.8,.474,.465,3.2,3.8,.864,1.2,2.8,4.0,4.5,0.7,0.4,2.5,1.5,18.1
362,Terrence Ross\rosste01,SF,25,TOR,43,0,22.3,4.0,8.9,.445,1.7,4.6,.372,2.3,4.3,.524,.542,0.8,0.9,.892,0.3,2.2,2.4,0.7,1.0,0.4,0.4,1.4,10.4
363,Terry Rozier\roziete01,PG,22,BOS,38,0,18.0,2.2,5.6,.388,0.7,2.2,.333,1.4,3.4,.423,.453,0.7,1.0,.711,0.5,2.7,3.2,1.7,0.6,0.2,0.6,1.1,5.8
364,Ricky Rubio\rubiori01,PG,26,MIN,38,38,31.6,2.3,6.1,.371,0.6,2.3,.241,1.7,3.8,.448,.416,2.6,3.0,.877,1.1,2.9,3.9,7.9,1.8,0.1,2.2,2.5,7.7
365,Damjan Rudez\rudezda01,SF,30,ORL,27,0,6.8,0.6,1.8,.313,0.4,1.4,.289,0.1,0.4,.400,.427,0.0,0.0,,0.2,0.5,0.7,0.4,0.3,0.0,0.3,0.7,1.5
366,Brandon Rush\rushbr01,SG,31,MIN,16,2,13.9,1.1,2.9,.391,0.8,1.8,.448,0.3,1.1,.294,.533,0.1,0.1,.500,0.4,1.0,1.4,0.7,0.4,0.5,0.4,0.4,3.1
367,D'Angelo Russell\russeda01,PG,20,LAL,34,34,26.3,5.1,12.9,.396,1.9,5.6,.346,3.1,7.2,.435,.471,2.2,2.9,.765,0.6,3.1,3.7,4.4,1.2,0.3,2.6,2.0,14.3
368,Domantas Sabonis\sabondo01,PF,20,OKC,45,45,21.0,2.4,5.8,.416,0.8,2.2,.356,1.6,3.6,.453,.485,0.3,0.4,.700,0.5,3.0,3.4,1.2,0.6,0.4,1.0,2.5,6.0
369,Dario Saric\saricda01,PF,22,PHI,42,10,23.9,3.4,9.1,.370,1.3,3.8,.348,2.1,5.4,.385,.441,1.3,1.7,.778,1.2,4.6,5.9,1.6,0.5,0.3,2.0,1.6,9.4
370,Tomas Satoransky\satorto01,SG,25,WAS,28,2,14.8,1.3,3.1,.407,0.1,0.8,.174,1.1,2.3,.492,.430,0.6,0.8,.727,0.6,1.3,1.9,2.1,0.6,0.0,0.9,1.3,3.2
371,Dennis Schroder\schrode01,PG,23,ATL,45,45,30.6,6.8,14.5,.469,1.2,3.4,.361,5.6,11.1,.502,.511,2.6,3.2,.826,0.6,2.4,2.9,6.2,0.8,0.2,3.0,1.7,17.5
372,Luis Scola\scolalu01,PF,36,BRK,32,1,12.6,2.2,4.4,.489,0.5,1.3,.357,1.7,3.1,.545,.543,0.7,1.0,.677,1.5,2.3,3.8,0.9,0.3,0.1,0.9,1.6,5.4
373,Mike Scott\scottmi01,PF,28,ATL,13,0,10.8,0.8,3.3,.233,0.2,1.8,.130,0.5,1.5,.350,.267,0.4,0.5,.833,0.5,1.6,2.2,1.2,0.2,0.1,0.5,0.7,2.2
374,Thabo Sefolosha\sefolth01,SF,32,ATL,42,27,25.9,3.0,6.6,.452,0.5,1.8,.311,2.5,4.9,.502,.493,0.9,1.2,.765,0.8,3.6,4.4,1.6,1.7,0.5,0.9,1.5,7.5
375,Kevin Seraphin\serapke01,PF,27,IND,27,0,10.3,1.9,3.6,.531,0.0,0.0,,1.9,3.6,.531,.531,0.1,0.2,.667,1.0,2.2,3.2,0.6,0.1,0.3,0.5,1.1,3.9
376,Ramon Sessions\sessira01,PG,30,CHO,45,1,16.6,2.2,5.5,.391,0.4,1.3,.339,1.7,4.2,.407,.431,1.8,2.4,.759,0.2,1.3,1.5,2.8,0.5,0.1,0.9,0.9,6.6
377,Iman Shumpert\shumpim01,SG,26,CLE,42,6,24.8,2.7,6.0,.441,1.3,3.3,.406,1.3,2.8,.483,.551,1.0,1.3,.782,0.6,2.3,2.9,1.6,1.0,0.3,1.1,1.9,7.7
378,Pascal Siakam\siakapa01,PF,22,TOR,40,35,17.5,2.0,4.1,.500,0.0,0.1,.000,2.0,4.0,.513,.500,0.5,0.6,.750,1.3,2.2,3.5,0.4,0.5,0.9,0.7,2.2,4.5
379,Jonathon Simmons\simmojo02,SG,27,SAS,44,1,18.1,2.3,5.2,.441,0.4,1.3,.327,1.9,3.9,.477,.480,1.3,1.8,.756,0.3,1.9,2.1,1.8,0.6,0.4,1.0,1.9,6.3
380,Kyle Singler\singlky01,SF,28,OKC,23,0,10.4,0.8,2.0,.413,0.3,1.0,.261,0.6,1.0,.565,.478,0.3,0.3,.875,0.1,1.0,1.1,0.2,0.1,0.1,0.4,0.7,2.2
381,Marcus Smart\smartma01,PG,22,BOS,40,16,30.7,3.4,9.3,.360,1.2,4.1,.290,2.2,5.3,.414,.423,2.1,2.6,.781,1.0,2.9,3.9,4.5,1.5,0.5,1.9,2.3,9.9
382,Ish Smith\smithis01,PG,28,DET,45,21,24.1,3.4,8.3,.413,0.3,1.3,.237,3.1,7.0,.446,.432,0.8,1.2,.692,0.3,2.4,2.6,5.0,0.8,0.3,1.4,1.7,8.0
383,J.R. Smith\smithjr01,SG,31,CLE,21,21,28.9,3.0,8.8,.337,2.4,6.6,.362,0.6,2.2,.261,.473,0.3,0.4,.778,0.4,1.8,2.1,1.2,1.2,0.4,0.7,2.2,8.6
384,Jason Smith\smithja02,C,30,WAS,42,0,12.6,2.1,4.0,.524,0.2,0.3,.500,2.0,3.7,.526,.544,0.4,0.5,.773,0.9,2.0,2.9,0.4,0.3,0.6,0.8,2.4,4.8
385,Tony Snell\snellto01,SF,25,MIL,43,43,28.9,3.0,6.7,.449,1.7,4.5,.370,1.3,2.2,.611,.573,0.5,0.6,.800,0.3,3.1,3.4,1.3,0.5,0.2,0.6,1.6,8.1
386,Marreese Speights\speigma01,C,29,LAC,46,1,16.6,3.4,7.4,.459,1.4,3.5,.398,2.0,3.9,.514,.553,2.0,2.3,.869,1.2,3.6,4.8,0.8,0.3,0.5,0.7,3.0,10.2
387,Nik Stauskas\stausni01,SG,23,PHI,40,15,26.2,2.8,6.9,.404,1.5,4.0,.363,1.4,2.9,.462,.509,1.4,1.7,.809,0.3,2.4,2.7,2.0,0.5,0.5,1.5,1.7,8.4
388,Lance Stephenson\stephla01,SG,26,NOP,6,0,27.0,4.3,9.2,.473,0.2,1.7,.100,4.2,7.5,.556,.482,0.8,1.3,.625,0.5,2.5,3.0,4.8,0.3,0.2,1.8,3.0,9.7
389,Jarnell Stokes\stokeja01,PF,23,DEN,2,0,3.5,0.5,0.5,1.000,0.0,0.0,,0.5,0.5,1.000,1.000,0.5,1.0,.500,0.5,0.5,1.0,1.0,0.5,0.0,0.0,1.5,1.5
390,Diamond Stone\stonedi01,C,19,LAC,4,0,4.0,0.5,2.3,.222,0.0,0.0,,0.5,2.3,.222,.222,0.5,0.5,1.000,0.3,0.5,0.8,0.0,0.0,0.3,0.3,1.0,1.5
391,Rodney Stuckey\stuckro01,PG,30,IND,17,0,20.3,3.1,6.9,.441,0.5,1.5,.308,2.6,5.4,.478,.475,2.5,3.4,.737,0.2,2.5,2.7,2.1,0.4,0.0,1.6,1.5,9.1
392,Jared Sullinger\sullija01,PF,24,TOR,3,0,14.3,2.7,7.0,.381,0.7,2.7,.250,2.0,4.3,.462,.429,0.7,1.0,.667,0.3,2.3,2.7,0.0,0.7,0.7,0.3,2.0,6.7
393,Walter Tavares\tavarwa01,C,24,ATL,1,0,4.0,1.0,1.0,1.000,0.0,0.0,,1.0,1.0,1.000,1.000,0.0,2.0,.000,0.0,1.0,1.0,0.0,0.0,0.0,0.0,0.0,2.0
394,Jeff Teague\teaguje01,PG,28,IND,44,44,32.3,5.0,11.3,.448,0.9,2.8,.328,4.1,8.5,.487,.488,4.5,5.3,.847,0.5,3.6,4.1,8.0,1.5,0.5,2.9,2.3,15.5
395,Mirza Teletovic\teletmi01,PF,31,MIL,36,2,17.2,2.4,6.3,.379,1.7,4.8,.351,0.7,1.6,.464,.511,0.6,0.7,.800,0.2,2.4,2.6,0.7,0.2,0.3,0.7,1.7,7.0
396,Garrett Temple\templga01,SG,30,SAC,44,10,26.2,2.8,6.3,.448,1.2,3.3,.375,1.6,3.0,.526,.545,1.0,1.2,.808,0.6,2.2,2.8,2.2,1.1,0.5,1.0,2.1,7.8
397,Jason Terry\terryja01,SG,39,MIL,38,0,17.2,1.1,3.0,.377,0.8,2.2,.386,0.3,0.8,.355,.518,0.2,0.3,.800,0.2,1.0,1.2,1.3,0.6,0.2,0.4,1.1,3.3
398,Isaiah Thomas\thomais02,PG,27,BOS,39,39,34.2,9.1,19.7,.461,3.1,7.9,.384,6.1,11.8,.513,.538,7.7,8.5,.907,0.6,2.1,2.7,6.0,0.8,0.1,2.5,2.1,29.0
399,Lance Thomas\thomala01,PF,28,NYK,30,6,17.6,1.8,4.7,.379,0.7,1.6,.429,1.1,3.0,.352,.454,0.6,0.7,.850,0.5,1.4,1.9,0.5,0.5,0.1,0.5,1.7,4.8
400,Hollis Thompson\thompho01,SG,25,PHI,31,1,18.1,2.1,5.1,.415,0.8,2.3,.366,1.3,2.8,.455,.497,0.4,0.6,.650,0.5,2.2,2.7,0.8,0.5,0.2,0.3,1.8,5.5
401,Klay Thompson\thompkl01,SG,26,GSW,44,44,34.3,8.0,17.1,.469,3.1,7.8,.399,4.9,9.3,.527,.560,2.0,2.4,.837,0.6,3.2,3.7,1.9,0.8,0.5,1.8,1.9,21.1
402,Tristan Thompson\thomptr01,C,25,CLE,43,43,28.9,2.9,5.1,.562,0.0,0.1,.000,2.9,5.0,.569,.562,1.4,3.0,.488,3.6,6.0,9.6,0.7,0.5,1.2,0.8,2.3,7.2
403,Marcus Thornton\thornma01,SG,29,WAS,33,1,17.4,2.5,6.4,.400,0.8,2.4,.350,1.7,3.9,.431,.467,0.7,0.8,.852,0.7,1.6,2.3,1.2,0.6,0.1,0.8,1.5,6.6
404,Anthony Tolliver\tollian01,PF,31,SAC,32,5,21.8,2.2,5.0,.434,1.3,3.3,.377,0.9,1.7,.547,.560,1.1,1.2,.895,0.9,2.5,3.4,0.9,0.5,0.2,0.6,1.7,6.6
405,Karl-Anthony Towns\townska01,C,21,MIN,44,44,36.1,8.7,17.4,.501,1.1,3.5,.316,7.6,13.9,.548,.533,4.0,4.8,.817,3.5,8.5,12.0,3.0,0.6,1.5,2.8,3.0,22.5
406,P.J. Tucker\tuckepj01,SF,31,PHO,44,17,27.7,2.4,5.9,.411,0.7,2.3,.300,1.7,3.6,.481,.469,1.0,1.3,.759,1.5,4.2,5.8,1.1,1.4,0.3,0.9,2.4,6.5
407,Evan Turner\turneev01,SG,28,POR,43,3,25.8,3.7,8.5,.431,0.5,1.8,.289,3.2,6.8,.467,.460,1.5,1.7,.865,0.6,3.4,4.0,3.3,0.9,0.4,1.6,1.8,9.3
408,Myles Turner\turnemy01,C,20,IND,43,43,30.1,5.9,11.2,.531,0.7,1.6,.400,5.3,9.5,.554,.560,3.2,4.0,.807,1.5,6.0,7.6,1.0,0.7,2.3,1.4,3.3,15.7
409,Beno Udrih\udrihbe01,PG,34,DET,27,0,15.4,2.5,5.5,.459,0.4,1.0,.357,2.1,4.4,.483,.493,0.9,1.0,.923,0.2,1.2,1.4,3.3,0.3,0.0,0.9,0.7,6.3
410,Tyler Ulis\ulisty01,PG,21,PHO,29,0,9.1,1.3,3.3,.381,0.1,0.4,.273,1.2,3.0,.395,.397,0.4,0.5,.786,0.2,0.5,0.7,1.1,0.7,0.0,0.7,0.8,3.0
411,Jonas Valanciunas\valanjo01,C,24,TOR,42,42,27.0,4.8,9.0,.534,0.0,0.0,,4.8,9.0,.534,.534,2.4,2.8,.862,3.2,6.8,10.0,0.7,0.5,0.8,1.4,2.8,12.0
412,Denzel Valentine\valende01,SG,23,CHI,27,0,11.9,1.1,3.6,.320,0.8,2.5,.313,0.4,1.1,.333,.428,0.3,0.3,.875,0.1,1.6,1.6,0.6,0.5,0.1,0.6,1.0,3.3
413,Fred VanVleet\vanvlfr01,PG,22,TOR,14,0,6.4,1.0,2.5,.400,0.3,0.7,.400,0.7,1.8,.400,.457,0.0,0.1,.000,0.1,0.7,0.8,0.7,0.6,0.0,0.1,0.6,2.3
414,Anderson Varejao\varejan01,C,34,GSW,11,1,6.6,0.3,0.9,.300,0.0,0.0,,0.3,0.9,.300,.300,0.6,0.8,.778,1.0,1.1,2.1,0.7,0.2,0.2,0.6,0.9,1.2
415,Greivis Vasquez\vasqugr01,PG,30,BRK,3,0,13.0,0.7,2.7,.250,0.3,1.0,.333,0.3,1.7,.200,.313,0.7,1.0,.667,0.0,0.7,0.7,1.7,0.3,0.3,0.3,2.0,2.3
416,Rashad Vaughn\vaughra01,SG,20,MIL,19,0,10.5,1.6,4.0,.395,0.9,2.4,.378,0.7,1.6,.419,.507,0.0,0.0,,0.0,0.9,0.9,0.3,0.4,0.2,0.2,0.6,4.1
417,Noah Vonleh\vonleno01,PF,21,POR,38,6,12.1,1.3,3.1,.410,0.2,0.5,.350,1.1,2.6,.423,.440,0.6,1.0,.622,1.1,2.5,3.6,0.2,0.3,0.4,0.7,1.5,3.3
418,Nikola Vucevic\vucevni01,C,26,ORL,43,23,28.0,6.2,13.0,.472,0.3,0.9,.282,5.9,12.1,.487,.482,1.1,1.7,.622,2.2,7.6,9.8,2.8,0.9,1.0,1.6,2.3,13.7
419,Sasha Vujacic\vujacsa01,SG,32,NYK,23,2,8.5,0.7,2.2,.340,0.4,1.3,.300,0.3,0.9,.400,.430,0.3,0.4,.778,0.1,1.1,1.3,0.9,0.3,0.0,0.4,0.8,2.2
420,Dwyane Wade\wadedw01,SG,35,CHI,40,40,30.5,6.9,16.3,.423,0.9,2.8,.313,6.0,13.5,.446,.450,4.1,5.1,.798,1.1,3.1,4.2,3.8,1.4,0.7,2.2,1.9,18.7
421,Dion Waiters\waitedi01,SG,25,MIA,25,22,30.0,5.7,14.1,.403,1.5,4.0,.370,4.2,10.1,.417,.456,1.7,2.6,.652,0.4,2.8,3.2,3.7,0.9,0.4,2.1,2.4,14.6
422,Kemba Walker\walkeke02,PG,26,CHO,44,44,33.8,8.2,17.9,.458,2.8,6.9,.414,5.3,11.0,.486,.538,3.8,4.6,.822,0.6,3.5,4.1,5.4,1.2,0.2,2.3,1.6,23.0
423,John Wall\walljo01,PG,26,WAS,42,42,36.4,8.5,18.3,.462,1.1,3.4,.315,7.4,14.9,.496,.492,5.0,6.1,.825,0.9,3.6,4.5,10.2,2.2,0.5,4.3,2.0,23.0
424,Taurean Waller-Prince\princta02,SF,22,ATL,26,0,10.4,1.2,3.2,.378,0.3,1.2,.290,0.8,2.0,.431,.433,0.8,0.8,.909,0.2,1.7,1.9,0.7,0.3,0.3,0.7,1.1,3.5
425,T.J. Warren\warretj01,SF,23,PHO,31,24,29.1,5.6,12.2,.459,0.5,1.7,.278,5.1,10.5,.489,.479,1.8,2.4,.767,1.6,2.0,3.6,1.0,1.3,0.3,0.8,2.6,13.5
426,C.J. Watson\watsocj01,PG,32,ORL,34,2,13.8,0.9,3.1,.299,0.4,1.5,.294,0.5,1.6,.304,.369,0.6,0.8,.769,0.2,1.1,1.3,1.4,0.5,0.0,0.6,0.9,2.9
427,David West\westda01,PF,36,GSW,42,0,11.5,1.7,3.2,.545,0.0,0.1,.500,1.7,3.1,.546,.552,0.6,0.8,.743,0.6,2.1,2.7,2.1,0.7,0.5,1.0,1.4,4.1
428,Russell Westbrook\westbru01,PG,28,OKC,45,45,34.7,10.0,23.8,.421,2.0,6.3,.326,8.0,17.5,.456,.464,8.7,10.6,.824,1.8,8.8,10.6,10.4,1.6,0.3,5.5,2.4,30.8
429,Okaro White\whiteok01,PF,24,MIA,3,0,12.7,0.7,2.0,.333,0.0,0.7,.000,0.7,1.3,.500,.333,0.3,0.3,1.000,0.3,1.3,1.7,0.0,0.3,0.0,0.7,1.0,1.7
430,Isaiah Whitehead\whiteis01,PG,21,BRK,36,23,22.5,2.7,6.8,.400,0.6,1.9,.314,2.1,4.9,.434,.445,1.0,1.3,.761,0.3,2.3,2.5,2.8,0.6,0.6,2.1,2.7,7.0
431,Hassan Whiteside\whiteha01,C,27,MIA,41,41,33.6,7.2,13.0,.552,0.0,0.0,,7.2,13.0,.552,.552,2.7,4.9,.552,3.8,10.4,14.2,0.7,0.8,2.0,2.1,3.1,17.1
432,Andrew Wiggins\wiggian01,SF,21,MIN,44,44,37.0,8.0,17.9,.448,1.2,3.5,.342,6.8,14.4,.473,.481,4.6,6.3,.732,1.2,3.1,4.3,2.4,0.8,0.4,2.5,2.2,21.8
433,C.J. Wilcox\wilcocj01,SG,26,ORL,16,0,4.7,0.3,1.1,.294,0.1,0.8,.167,0.2,0.3,.600,.353,0.1,0.1,1.000,0.1,0.4,0.6,0.6,0.1,0.1,0.3,0.3,0.9
434,Alan Williams\willial03,PF,24,PHO,16,0,7.2,1.2,2.1,.559,0.0,0.0,,1.2,2.1,.559,.559,0.6,1.1,.500,1.5,1.6,3.1,0.1,0.4,0.5,0.5,1.6,2.9
435,Deron Williams\willide01,PG,32,DAL,36,36,30.4,5.1,11.9,.431,1.6,4.7,.349,3.5,7.2,.484,.500,1.9,2.3,.817,0.4,2.4,2.8,7.1,0.6,0.1,2.5,2.5,13.7
436,Derrick Williams\willide02,PF,25,MIA,23,11,16.0,2.3,5.9,.393,0.4,1.9,.205,1.9,4.0,.484,.426,1.3,2.2,.620,0.7,2.4,3.1,0.6,0.4,0.2,0.5,1.3,6.3
437,Lou Williams\willilo02,SG,30,LAL,48,1,24.3,5.5,12.6,.432,1.9,5.2,.373,3.5,7.5,.472,.508,5.1,5.8,.871,0.2,2.0,2.2,3.0,1.1,0.2,2.1,1.1,17.9
438,Marvin Williams\willima02,PF,30,CHO,39,39,27.0,3.8,9.5,.401,1.8,4.8,.367,2.1,4.7,.435,.493,1.3,1.6,.839,1.1,4.5,5.5,1.3,0.6,0.5,0.7,1.4,10.7
439,Reggie Williams\willire02,SF,30,NOP,5,0,12.6,1.4,4.0,.350,1.0,2.0,.500,0.4,2.0,.200,.475,1.2,1.4,.857,0.4,0.8,1.2,0.8,0.6,0.0,0.0,0.4,5.0
440,Troy Williams\willitr02,SF,22,MEM,24,13,17.4,2.1,5.1,.418,0.4,1.7,.244,1.7,3.4,.506,.459,0.6,1.0,.600,0.3,1.6,1.8,0.8,1.0,0.4,1.1,1.8,5.3
441,Kyle Wiltjer\wiltjky01,PF,24,HOU,9,0,3.2,0.3,1.1,.300,0.3,1.1,.300,0.0,0.0,,.450,0.1,0.2,.500,0.3,0.4,0.8,0.0,0.0,0.1,0.3,0.3,1.1
442,Justise Winslow\winslju01,SF,20,MIA,18,15,34.7,4.4,12.6,.354,0.4,1.9,.200,4.1,10.6,.382,.369,1.6,2.6,.617,1.3,3.9,5.2,3.7,1.5,0.3,1.8,2.9,10.9
443,Jeff Withey\witheje01,C,26,UTA,27,0,8.3,0.9,1.6,.571,0.0,0.0,.000,0.9,1.5,.585,.571,0.7,1.0,.769,0.8,1.4,2.3,0.1,0.3,0.7,0.3,1.0,2.5
444,Christian Wood\woodch01,PF,21,CHO,1,0,3.0,0.0,1.0,.000,0.0,1.0,.000,0.0,0.0,,.000,0.0,0.0,,0.0,2.0,2.0,0.0,0.0,0.0,0.0,0.0,0.0
445,Metta World Peace\artesro01,SF,37,LAL,17,1,4.6,0.3,1.5,.200,0.1,0.9,.133,0.2,0.6,.300,.240,0.2,0.4,.667,0.2,0.4,0.5,0.3,0.2,0.1,0.2,0.8,0.9
446,James Young\youngja01,SG,21,BOS,11,0,5.8,0.5,1.3,.429,0.2,0.6,.286,0.4,0.6,.571,.500,0.0,0.0,,0.2,0.8,1.0,0.3,0.3,0.0,0.1,0.2,1.3
447,Joe Young\youngjo01,PG,24,IND,21,0,5.4,1.0,2.9,.350,0.2,1.0,.200,0.8,1.9,.425,.383,0.4,0.6,.692,0.0,0.6,0.7,0.6,0.2,0.0,0.2,0.2,2.6
448,Nick Young\youngni01,SG,31,LAL,41,41,26.4,4.7,10.5,.445,2.9,6.9,.416,1.8,3.7,.500,.581,1.4,1.7,.855,0.5,1.7,2.2,1.0,0.6,0.3,0.6,2.3,13.7
449,Thaddeus Young\youngth01,PF,28,IND,44,44,31.4,5.0,9.5,.526,1.0,2.3,.427,4.0,7.1,.559,.579,0.7,1.3,.561,1.5,4.7,6.2,1.7,1.7,0.5,1.6,1.8,11.7
450,Cody Zeller\zelleco01,PF,24,CHO,38,36,26.9,4.2,7.2,.590,0.0,0.0,,4.2,7.2,.590,.590,2.4,3.5,.689,2.3,4.2,6.6,1.4,0.7,1.1,1.2,3.2,10.9
451,Tyler Zeller\zellety01,C,27,BOS,27,5,12.1,1.8,3.8,.466,0.0,0.0,.000,1.8,3.8,.471,.466,0.6,0.9,.625,1.1,1.9,2.9,0.9,0.2,0.6,0.4,1.3,4.1
452,Stephen Zimmerman\zimmest01,C,20,ORL,8,0,4.0,0.6,1.4,.455,0.0,0.0,,0.6,1.4,.455,.455,0.0,0.1,.000,0.5,1.3,1.8,0.1,0.1,0.1,0.0,0.1,1.3
453,Paul Zipser\zipsepa01,SF,22,CHI,15,3,10.9,0.9,3.0,.311,0.4,1.3,.316,0.5,1.7,.308,.378,0.6,0.9,.692,0.3,1.5,1.8,0.4,0.1,0.0,0.6,0.7,2.9
454,Ivica Zubac\zubaciv01,C,19,LAL,13,1,10.1,1.5,3.4,.455,0.0,0.0,,1.5,3.4,.455,.455,0.5,0.6,.750,0.9,1.8,2.8,0.4,0.3,0.5,0.5,1.0,3.5
